Xmeasurement,devXeui,host,name,topic,decodedXpayload_humidity,decodedXpayload_temperature,time
mqtt_consumer,95D650FEFF6E959E,grafana,8663430b836d,helium/8663430b836d/rx,34.06828412298772,26.901274128328367,2023-06-15T15:02:30.000000Z
mqtt_consumer,95D650FEFF6E959E,grafana,8663430b836d,helium/8663430b836d/rx,32.61295490959029,27.667658503089957,2023-06-15T15:12:29.000000Z
mqtt_consumer,95D650FEFF6E959E,grafana,8663430b836d,helium/8663430b836d/rx,34.55085069047074,27.032120241092542,2023-06-15T15:22:30.000000Z
mqtt_consumer,95D650FEFF6E959E,grafana,8663430b836d,helium/8663430b836d/rx,33.31296253910124,27.50476844434272,2023-06-15T15:32:29.000000Z
mqtt_consumer,95D650FEFF6E959E,grafana,8663430b836d,helium/8663430b836d/rx,34.90562294956893,25.838483253223476,2023-06-15T15:42:29.000000Z
mqtt_consumer,95D650FEFF6E959E,grafana,8663430b836d,helium/8663430b836d/rx,34.57755397878996,26.65827420462348,2023-06-15T15:52:29.000000Z
mqtt_consumer,95D650FEFF6E959E,grafana,8663430b836d,helium/8663430b836d/rx,32.979171435111006,27.35255970092317,2023-06-15T16:02:29.000000Z
mqtt_consumer,95D650FEFF6E959E,grafana,8663430b836d,helium/8663430b836d/rx,31.86717021438925,27.38994430457008,2023-06-15T16:12:29.000000Z
mqtt_consumer,95D650FEFF6E959E,grafana,8663430b836d,helium/8663430b836d/rx,32.46036469062333,26.62623025864042,2023-06-15T16:22:29.000000Z
mqtt_consumer,95D650FEFF6E959E,grafana,8663430b836d,helium/8663430b836d/rx,31.63065537499046,26.94132906080721,2023-06-15T16:32:29.000000Z
mqtt_consumer,95D650FEFF6E959E,grafana,8663430b836d,helium/8663430b836d/rx,35.06965743495842,25.945296406500347,2023-06-15T16:42:29.000000Z
mqtt_consumer,95D650FEFF6E959E,grafana,8663430b836d,helium/8663430b836d/rx,33.41214618142977,26.28175783932249,2023-06-15T16:52:29.000000Z
mqtt_consumer,95D650FEFF6E959E,grafana,8663430b836d,helium/8663430b836d/rx,35.54077973601892,25.785076676585035,2023-06-15T17:02:29.000000Z
mqtt_consumer,95D650FEFF6E959E,grafana,8663430b836d,helium/8663430b836d/rx,36.36285954070344,25.913252460517285,2023-06-15T17:12:29.000000Z
mqtt_consumer,95D650FEFF6E959E,grafana,8663430b836d,helium/8663430b836d/rx,36.08628976882582,25.39520866712444,2023-06-15T17:22:30.000000Z
mqtt_consumer,95D650FEFF6E959E,grafana,8663430b836d,helium/8663430b836d/rx,36.68711375600824,25.22697795071336,2023-06-15T17:32:30.000000Z
mqtt_consumer,95D650FEFF6E959E,grafana,8663430b836d,helium/8663430b836d/rx,36.43152513923857,25.467307545586323,2023-06-15T17:42:29.000000Z
mqtt_consumer,95D650FEFF6E959E,grafana,8663430b836d,helium/8663430b836d/rx,36.48874647135119,25.413900968947885,2023-06-15T17:52:29.000000Z
mqtt_consumer,95D650FEFF6E959E,grafana,8663430b836d,helium/8663430b836d/rx,36.21789883268482,24.9385824368658,2023-06-15T18:02:29.000000Z
mqtt_consumer,95D650FEFF6E959E,grafana,8663430b836d,helium/8663430b836d/rx,35.97375448233768,25.205615320057987,2023-06-15T18:12:30.000000Z
mqtt_consumer,95D650FEFF6E959E,grafana,8663430b836d,helium/8663430b836d/rx,36.27130540932326,25.197604333562225,2023-06-15T18:22:30.000000Z
mqtt_consumer,95D650FEFF6E959E,grafana,8663430b836d,helium/8663430b836d/rx,37.55497062638285,24.530022125581752,2023-06-15T18:32:29.000000Z
mqtt_consumer,95D650FEFF6E959E,grafana,8663430b836d,helium/8663430b836d/rx,38.140535591668574,24.401846341649502,2023-06-15T18:42:29.000000Z
mqtt_consumer,95D650FEFF6E959E,grafana,8663430b836d,helium/8663430b836d/rx,39.16670481422141,24.380483710994127,2023-06-15T18:52:29.000000Z
mqtt_consumer,95D650FEFF6E959E,grafana,8663430b836d,helium/8663430b836d/rx,39.36125734340429,23.80903334096284,2023-06-15T19:02:29.000000Z
mqtt_consumer,95D650FEFF6E959E,grafana,8663430b836d,helium/8663430b836d/rx,39.36125734340429,23.80903334096284,2023-06-15T19:03:52.000000Z
mqtt_consumer,95D650FEFF6E959E,grafana,8663430b836d,helium/8663430b836d/rx,40.055542839703975,23.22423132677196,2023-06-15T19:12:30.000000Z
mqtt_consumer,95D650FEFF6E959E,grafana,8663430b836d,helium/8663430b836d/rx,40.28633554589151,23.13344014648661,2023-06-15T19:22:30.000000Z
mqtt_consumer,95D650FEFF6E959E,grafana,8663430b836d,helium/8663430b836d/rx,38.459067673762114,22.99992370489052,2023-06-15T19:32:30.000000Z
mqtt_consumer,95D650FEFF6E959E,grafana,8663430b836d,helium/8663430b836d/rx,39.91058213168536,22.7649347676814,2023-06-15T19:42:29.000000Z
mqtt_consumer,95D650FEFF6E959E,grafana,8663430b836d,helium/8663430b836d/rx,40.68879224841688,22.519264515144584,2023-06-15T19:52:30.000000Z
mqtt_consumer,95D650FEFF6E959E,grafana,8663430b836d,helium/8663430b836d/rx,42.82887006942855,21.99855039291981,2023-06-15T20:02:30.000000Z
mqtt_consumer,95D650FEFF6E959E,grafana,8663430b836d,helium/8663430b836d/rx,43.24658579385061,21.48584725719081,2023-06-15T20:12:30.000000Z
mqtt_consumer,95D650FEFF6E959E,grafana,8663430b836d,helium/8663430b836d/rx,43.42969405661097,21.25085831998169,2023-06-15T20:22:30.000000Z
mqtt_consumer,95D650FEFF6E959E,grafana,8663430b836d,helium/8663430b836d/rx,43.3667505912871,20.90371557183184,2023-06-15T20:32:30.000000Z
mqtt_consumer,95D650FEFF6E959E,grafana,8663430b836d,helium/8663430b836d/rx,44.28992141603723,20.460440985732816,2023-06-15T20:42:30.000000Z
mqtt_consumer,95D650FEFF6E959E,grafana,8663430b836d,helium/8663430b836d/rx,45.03379873350119,20.42572671091783,2023-06-15T20:52:30.000000Z
mqtt_consumer,95D650FEFF6E959E,grafana,8663430b836d,helium/8663430b836d/rx,44.91935606927596,20.463111314564745,2023-06-15T21:02:30.000000Z
mqtt_consumer,95D650FEFF6E959E,grafana,8663430b836d,helium/8663430b836d/rx,45.84634164950027,20.366979476615555,2023-06-15T21:12:30.000000Z
mqtt_consumer,95D650FEFF6E959E,grafana,8663430b836d,helium/8663430b836d/rx,46.85343709468223,19.88097962920577,2023-06-15T21:22:30.000000Z
mqtt_consumer,95D650FEFF6E959E,grafana,8663430b836d,helium/8663430b836d/rx,50.87800411993591,19.73678187228198,2023-06-15T21:32:30.000000Z
mqtt_consumer,95D650FEFF6E959E,grafana,8663430b836d,helium/8663430b836d/rx,50.76928358892195,19.365606164644845,2023-06-15T21:42:30.000000Z
mqtt_consumer,95D650FEFF6E959E,grafana,8663430b836d,helium/8663430b836d/rx,50.84367132066834,18.965056839856565,2023-06-15T21:52:31.000000Z
mqtt_consumer,95D650FEFF6E959E,grafana,8663430b836d,helium/8663430b836d/rx,50.5556572823682,18.660639353017476,2023-06-15T22:02:30.000000Z
mqtt_consumer,95D650FEFF6E959E,grafana,8663430b836d,helium/8663430b836d/rx,51.33958953231098,18.3829251544976,2023-06-15T22:12:30.000000Z
mqtt_consumer,95D650FEFF6E959E,grafana,8663430b836d,helium/8663430b836d/rx,51.33958953231098,18.3829251544976,2023-06-15T22:13:52.000000Z
mqtt_consumer,95D650FEFF6E959E,grafana,8663430b836d,helium/8663430b836d/rx,52.06439307240406,18.20668345159076,2023-06-15T22:22:30.000000Z
mqtt_consumer,95D650FEFF6E959E,grafana,8663430b836d,helium/8663430b836d/rx,53.56549935149157,17.77141985198749,2023-06-15T22:32:30.000000Z
mqtt_consumer,95D650FEFF6E959E,grafana,8663430b836d,helium/8663430b836d/rx,55.152437628748,17.483024338139927,2023-06-15T22:42:30.000000Z
mqtt_consumer,95D650FEFF6E959E,grafana,8663430b836d,helium/8663430b836d/rx,54.98458838788434,17.504386968795302,2023-06-15T22:52:30.000000Z
mqtt_consumer,95D650FEFF6E959E,grafana,8663430b836d,helium/8663430b836d/rx,55.24208438239109,17.37087052719921,2023-06-15T23:02:30.000000Z
mqtt_consumer,95D650FEFF6E959E,grafana,8663430b836d,helium/8663430b836d/rx,56.682154573891815,17.05577172503243,2023-06-15T23:12:30.000000Z
mqtt_consumer,95D650FEFF6E959E,grafana,8663430b836d,helium/8663430b836d/rx,56.81567101548791,16.796749828336004,2023-06-15T23:22:30.000000Z
mqtt_consumer,95D650FEFF6E959E,grafana,8663430b836d,helium/8663430b836d/rx,57.26962691691463,16.695277332722974,2023-06-15T23:32:30.000000Z
mqtt_consumer,95D650FEFF6E959E,grafana,8663430b836d,helium/8663430b836d/rx,57.61104753185321,16.636530098420693,2023-06-15T23:42:30.000000Z
mqtt_consumer,95D650FEFF6E959E,grafana,8663430b836d,helium/8663430b836d/rx,58.13366903181506,16.51903562981613,2023-06-15T23:52:30.000000Z
mqtt_consumer,95D650FEFF6E959E,grafana,8663430b836d,helium/8663430b836d/rx,58.06500343327993,16.551079575799193,2023-06-16T00:02:30.000000Z
mqtt_consumer,95D650FEFF6E959E,grafana,8663430b836d,helium/8663430b836d/rx,58.68680857557031,16.43625543602655,2023-06-16T00:12:30.000000Z
mqtt_consumer,95D650FEFF6E959E,grafana,8663430b836d,helium/8663430b836d/rx,59.31624322880903,16.254673075455862,2023-06-16T00:22:30.000000Z
mqtt_consumer,95D650FEFF6E959E,grafana,8663430b836d,helium/8663430b836d/rx,59.5870908674754,16.062409399557488,2023-06-16T00:32:30.000000Z
mqtt_consumer,95D650FEFF6E959E,grafana,8663430b836d,helium/8663430b836d/rx,59.80643930724041,16.11047531853208,2023-06-16T00:42:30.000000Z
mqtt_consumer,95D650FEFF6E959E,grafana,8663430b836d,helium/8663430b836d/rx,60.61516746776532,15.875486381322958,2023-06-16T00:52:30.000000Z
mqtt_consumer,95D650FEFF6E959E,grafana,8663430b836d,helium/8663430b836d/rx,60.87266346227207,15.71259632257572,2023-06-16T01:02:30.000000Z
mqtt_consumer,95D650FEFF6E959E,grafana,8663430b836d,helium/8663430b836d/rx,61.486839093614094,15.632486457618064,2023-06-16T01:12:30.000000Z
mqtt_consumer,95D650FEFF6E959E,grafana,8663430b836d,helium/8663430b836d/rx,61.46776531624323,15.58442053864347,2023-06-16T01:22:30.000000Z
mqtt_consumer,95D650FEFF6E959E,grafana,8663430b836d,helium/8663430b836d/rx,62.55115587090867,15.376134889753564,2023-06-16T01:32:30.000000Z
mqtt_consumer,95D650FEFF6E959E,grafana,8663430b836d,helium/8663430b836d/rx,62.41954680704967,15.333409628442816,2023-06-16T01:42:30.000000Z
mqtt_consumer,95D650FEFF6E959E,grafana,8663430b836d,helium/8663430b836d/rx,62.945983062485695,15.117112993057148,2023-06-16T01:52:30.000000Z
mqtt_consumer,95D650FEFF6E959E,grafana,8663430b836d,helium/8663430b836d/rx,63.28740367742428,14.95689326314183,2023-06-16T02:02:30.000000Z
mqtt_consumer,95D650FEFF6E959E,grafana,8663430b836d,helium/8663430b836d/rx,63.75280384527352,14.764629587243457,2023-06-16T02:12:30.000000Z
mqtt_consumer,95D650FEFF6E959E,grafana,8663430b836d,helium/8663430b836d/rx,63.74517433432517,14.780651560234986,2023-06-16T02:22:30.000000Z
mqtt_consumer,95D650FEFF6E959E,grafana,8663430b836d,helium/8663430b836d/rx,64.13618677042801,14.663157091630424,2023-06-16T02:32:30.000000Z
mqtt_consumer,95D650FEFF6E959E,grafana,8663430b836d,helium/8663430b836d/rx,64.57488364995804,14.559014267185477,2023-06-16T02:42:30.000000Z
mqtt_consumer,95D650FEFF6E959E,grafana,8663430b836d,helium/8663430b836d/rx,64.91248950942244,14.372091248950944,2023-06-16T02:52:30.000000Z
mqtt_consumer,95D650FEFF6E959E,grafana,8663430b836d,helium/8663430b836d/rx,65.25391012436103,14.233234149691008,2023-06-16T03:02:30.000000Z
mqtt_consumer,95D650FEFF6E959E,grafana,8663430b836d,helium/8663430b836d/rx,65.51522087434195,14.190508888380258,2023-06-16T03:12:30.000000Z
mqtt_consumer,95D650FEFF6E959E,grafana,8663430b836d,helium/8663430b836d/rx,65.63157091630427,14.275959411001756,2023-06-16T03:22:30.000000Z
mqtt_consumer,95D650FEFF6E959E,grafana,8663430b836d,helium/8663430b836d/rx,66.47081712062257,13.894102388036927,2023-06-16T03:32:30.000000Z
mqtt_consumer,95D650FEFF6E959E,grafana,8663430b836d,helium/8663430b836d/rx,66.67681391622797,13.73922331578546,2023-06-16T03:42:30.000000Z
mqtt_consumer,95D650FEFF6E959E,grafana,8663430b836d,helium/8663430b836d/rx,66.96292057679102,13.69649805447471,2023-06-16T03:52:30.000000Z
mqtt_consumer,95D650FEFF6E959E,grafana,8663430b836d,helium/8663430b836d/rx,67.53894865339132,13.498893720912491,2023-06-16T04:02:30.000000Z
mqtt_consumer,95D650FEFF6E959E,grafana,8663430b836d,helium/8663430b836d/rx,67.79835202563515,13.429465171282525,2023-06-16T04:12:30.000000Z
mqtt_consumer,95D650FEFF6E959E,grafana,8663430b836d,helium/8663430b836d/rx,67.34821087968261,13.533607995727472,2023-06-16T04:22:30.000000Z
mqtt_consumer,95D650FEFF6E959E,grafana,8663430b836d,helium/8663430b836d/rx,66.69970244907302,13.672465094987407,2023-06-16T04:32:30.000000Z
mqtt_consumer,95D650FEFF6E959E,grafana,8663430b836d,helium/8663430b836d/rx,66.44029907682918,13.683146410315096,2023-06-16T04:42:30.000000Z
mqtt_consumer,95D650FEFF6E959E,grafana,8663430b836d,helium/8663430b836d/rx,66.09124895094224,13.966201266498814,2023-06-16T04:52:30.000000Z
mqtt_consumer,95D650FEFF6E959E,grafana,8663430b836d,helium/8663430b836d/rx,65.54955367360952,14.089036392767229,2023-06-16T05:02:30.000000Z
mqtt_consumer,95D650FEFF6E959E,grafana,8663430b836d,helium/8663430b836d/rx,65.82993820096132,14.13977264057374,2023-06-16T05:12:30.000000Z
mqtt_consumer,95D650FEFF6E959E,grafana,8663430b836d,helium/8663430b836d/rx,66.09887846189059,14.230563820859082,2023-06-16T05:22:30.000000Z
mqtt_consumer,95D650FEFF6E959E,grafana,8663430b836d,helium/8663430b836d/rx,64.72938124666209,14.609750514991989,2023-06-16T05:32:30.000000Z
mqtt_consumer,95D650FEFF6E959E,grafana,8663430b836d,helium/8663430b836d/rx,63.48386358434425,15.111772335393304,2023-06-16T05:42:30.000000Z
mqtt_consumer,95D650FEFF6E959E,grafana,8663430b836d,helium/8663430b836d/rx,62.19256885633631,15.774013885709929,2023-06-16T05:52:30.000000Z
mqtt_consumer,95D650FEFF6E959E,grafana,8663430b836d,helium/8663430b836d/rx,61.34760051880674,16.038376440070195,2023-06-16T06:02:30.000000Z
mqtt_consumer,95D650FEFF6E959E,grafana,8663430b836d,helium/8663430b836d/rx,60.06584267948425,16.802090485999848,2023-06-16T06:12:30.000000Z
mqtt_consumer,95D650FEFF6E959E,grafana,8663430b836d,helium/8663430b836d/rx,57.15709163042649,17.59250782024872,2023-06-16T06:22:30.000000Z
mqtt_consumer,95D650FEFF6E959E,grafana,8663430b836d,helium/8663430b836d/rx,55.013199053940646,18.02510109102007,2023-06-16T06:32:30.000000Z
mqtt_consumer,95D650FEFF6E959E,grafana,8663430b836d,helium/8663430b836d/rx,51.73823147936217,18.98641947051194,2023-06-16T06:42:30.000000Z
mqtt_consumer,95D650FEFF6E959E,grafana,8663430b836d,helium/8663430b836d/rx,53.826810101472496,18.33218890669108,2023-06-16T06:52:30.000000Z
mqtt_consumer,95D650FEFF6E959E,grafana,8663430b836d,helium/8663430b836d/rx,50.81696803234912,19.78484779125658,2023-06-16T07:02:30.000000Z
mqtt_consumer,95D650FEFF6E959E,grafana,8663430b836d,helium/8663430b836d/rx,49.23384451056688,19.544518196383606,2023-06-16T07:12:30.000000Z
mqtt_consumer,95D650FEFF6E959E,grafana,8663430b836d,helium/8663430b836d/rx,47.549629968719,20.270847638666368,2023-06-16T07:22:30.000000Z
mqtt_consumer,95D650FEFF6E959E,grafana,8663430b836d,helium/8663430b836d/rx,48.34309910734722,19.747463187609668,2023-06-16T07:32:30.000000Z
mqtt_consumer,95D650FEFF6E959E,grafana,8663430b836d,helium/8663430b836d/rx,46.906843671320665,20.17738612954909,2023-06-16T07:42:30.000000Z
mqtt_consumer,95D650FEFF6E959E,grafana,8663430b836d,helium/8663430b836d/rx,45.00518806744488,21.090638590066376,2023-06-16T07:52:30.000000Z
mqtt_consumer,95D650FEFF6E959E,grafana,8663430b836d,helium/8663430b836d/rx,45.00709544518197,21.314946211947813,2023-06-16T08:02:30.000000Z
mqtt_consumer,95D650FEFF6E959E,grafana,8663430b836d,helium/8663430b836d/rx,41.30106050202182,21.790264744029912,2023-06-16T08:12:30.000000Z
mqtt_consumer,95D650FEFF6E959E,grafana,8663430b836d,helium/8663430b836d/rx,41.79507133592737,21.74753948271916,2023-06-16T08:22:30.000000Z
mqtt_consumer,95D650FEFF6E959E,grafana,8663430b836d,helium/8663430b836d/rx,41.58525978484779,22.054627298390173,2023-06-16T08:32:30.000000Z
mqtt_consumer,95D650FEFF6E959E,grafana,8663430b836d,helium/8663430b836d/rx,41.558556496528574,22.34302281223773,2023-06-16T08:42:30.000000Z
mqtt_consumer,95D650FEFF6E959E,grafana,8663430b836d,helium/8663430b836d/rx,39.42610818646525,23.12275883115892,2023-06-16T08:52:30.000000Z
mqtt_consumer,95D650FEFF6E959E,grafana,8663430b836d,helium/8663430b836d/rx,41.18089570458534,22.66346227206836,2023-06-16T09:02:30.000000Z
mqtt_consumer,95D650FEFF6E959E,grafana,8663430b836d,helium/8663430b836d/rx,40.12420843823911,22.941176470588232,2023-06-16T09:12:30.000000Z
mqtt_consumer,95D650FEFF6E959E,grafana,8663430b836d,helium/8663430b836d/rx,39.44899671931029,23.13076981765469,2023-06-16T09:22:30.000000Z
mqtt_consumer,95D650FEFF6E959E,grafana,8663430b836d,helium/8663430b836d/rx,38.20538643472953,23.93720912489509,2023-06-16T09:32:30.000000Z
mqtt_consumer,95D650FEFF6E959E,grafana,8663430b836d,helium/8663430b836d/rx,37.564507515068286,24.3537804226749,2023-06-16T09:42:30.000000Z
mqtt_consumer,95D650FEFF6E959E,grafana,8663430b836d,helium/8663430b836d/rx,35.62851911192492,25.0854505226215,2023-06-16T09:52:30.000000Z
mqtt_consumer,95D650FEFF6E959E,grafana,8663430b836d,helium/8663430b836d/rx,35.44541084916457,24.44457160296025,2023-06-16T10:02:30.000000Z
mqtt_consumer,95D650FEFF6E959E,grafana,8663430b836d,helium/8663430b836d/rx,36.25986114290074,24.8050659952697,2023-06-16T10:12:30.000000Z
mqtt_consumer,95D650FEFF6E959E,grafana,8663430b836d,helium/8663430b836d/rx,34.297169451438165,25.56878004119936,2023-06-16T10:22:30.000000Z
mqtt_consumer,95D650FEFF6E959E,grafana,8663430b836d,helium/8663430b836d/rx,33.307240405889985,25.974670023651484,2023-06-16T10:32:30.000000Z
mqtt_consumer,95D650FEFF6E959E,grafana,8663430b836d,helium/8663430b836d/rx,33.56855115587091,25.34981307698176,2023-06-16T10:42:30.000000Z
mqtt_consumer,95D650FEFF6E959E,grafana,8663430b836d,helium/8663430b836d/rx,33.52658884565499,25.253681239032574,2023-06-16T10:52:30.000000Z
mqtt_consumer,95D650FEFF6E959E,grafana,8663430b836d,helium/8663430b836d/rx,33.847028305485615,25.45929655909056,2023-06-16T11:02:30.000000Z
mqtt_consumer,95D650FEFF6E959E,grafana,8663430b836d,helium/8663430b836d/rx,36.12252994583047,24.599450675211717,2023-06-16T11:12:30.000000Z
mqtt_consumer,95D650FEFF6E959E,grafana,8663430b836d,helium/8663430b836d/rx,35.05249103532464,25.41123064011597,2023-06-16T11:22:30.000000Z
mqtt_consumer,95D650FEFF6E959E,grafana,8663430b836d,helium/8663430b836d/rx,34.46692607003891,25.608834973678185,2023-06-16T11:32:30.000000Z
mqtt_consumer,95D650FEFF6E959E,grafana,8663430b836d,helium/8663430b836d/rx,34.86175326161593,26.26039520866712,2023-06-16T11:42:30.000000Z
mqtt_consumer,95D650FEFF6E959E,grafana,8663430b836d,helium/8663430b836d/rx,33.80697337300679,26.24170290684367,2023-06-16T11:52:30.000000Z
mqtt_consumer,95D650FEFF6E959E,grafana,8663430b836d,helium/8663430b836d/rx,34.362020294499125,25.5741206988632,2023-06-16T12:02:30.000000Z
mqtt_consumer,95D650FEFF6E959E,grafana,8663430b836d,helium/8663430b836d/rx,34.239948119325554,25.787747005416943,2023-06-16T12:12:30.000000Z
mqtt_consumer,95D650FEFF6E959E,grafana,8663430b836d,helium/8663430b836d/rx,33.54947737850004,25.93194476234073,2023-06-16T12:22:30.000000Z
mqtt_consumer,95D650FEFF6E959E,grafana,8663430b836d,helium/8663430b836d/rx,32.81513694972152,25.61150530251011,2023-06-16T12:32:30.000000Z
mqtt_consumer,95D650FEFF6E959E,grafana,8663430b836d,helium/8663430b836d/rx,31.664988174258028,26.13756008239872,2023-06-16T12:42:30.000000Z
mqtt_consumer,95D650FEFF6E959E,grafana,8663430b836d,helium/8663430b836d/rx,32.36881055924315,26.639581902800032,2023-06-16T12:52:30.000000Z
mqtt_consumer,95D650FEFF6E959E,grafana,8663430b836d,helium/8663430b836d/rx,34.50698100251774,25.76371404592966,2023-06-16T13:02:30.000000Z
mqtt_consumer,95D650FEFF6E959E,grafana,8663430b836d,helium/8663430b836d/rx,35.12306401159686,25.80109864957656,2023-06-16T13:12:30.000000Z
mqtt_consumer,95D650FEFF6E959E,grafana,8663430b836d,helium/8663430b836d/rx,33.705882352941174,26.100175478751808,2023-06-16T13:22:30.000000Z
mqtt_consumer,95D650FEFF6E959E,grafana,8663430b836d,helium/8663430b836d/rx,33.42931258106356,26.295109483482108,2023-06-16T13:32:30.000000Z
mqtt_consumer,95D650FEFF6E959E,grafana,8663430b836d,helium/8663430b836d/rx,33.559014267185475,26.578164339665832,2023-06-16T13:42:30.000000Z
mqtt_consumer,95D650FEFF6E959E,grafana,8663430b836d,helium/8663430b836d/rx,33.08216983291371,26.61554894331273,2023-06-16T13:52:30.000000Z
mqtt_consumer,95D650FEFF6E959E,grafana,8663430b836d,helium/8663430b836d/rx,34.239948119325554,25.830472266727696,2023-06-16T14:02:30.000000Z
mqtt_consumer,95D650FEFF6E959E,grafana,8663430b836d,helium/8663430b836d/rx,33.43503471427481,25.686274509803923,2023-06-16T14:12:30.000000Z
mqtt_consumer,95D650FEFF6E959E,grafana,8663430b836d,helium/8663430b836d/rx,31.26634622720684,27.008087281605256,2023-06-16T14:22:30.000000Z
mqtt_consumer,95D650FEFF6E959E,grafana,8663430b836d,helium/8663430b836d/rx,30.89440756847486,27.35523002975509,2023-06-16T14:32:30.000000Z
mqtt_consumer,95D650FEFF6E959E,grafana,8663430b836d,helium/8663430b836d/rx,30.776150148775464,26.96536202029449,2023-06-16T14:42:30.000000Z
mqtt_consumer,95D650FEFF6E959E,grafana,8663430b836d,helium/8663430b836d/rx,31.058442053864347,26.917296101319906,2023-06-16T14:52:30.000000Z
mqtt_consumer,95D650FEFF6E959E,grafana,8663430b836d,helium/8663430b836d/rx,31.59441519798581,26.60219729915312,2023-06-16T15:02:30.000000Z
mqtt_consumer,95D650FEFF6E959E,grafana,8663430b836d,helium/8663430b836d/rx,30.171511406118867,27.058823529411768,2023-06-16T15:12:30.000000Z
mqtt_consumer,95D650FEFF6E959E,grafana,8663430b836d,helium/8663430b836d/rx,31.49141680018311,26.818493934538797,2023-06-16T15:22:30.000000Z
mqtt_consumer,95D650FEFF6E959E,grafana,8663430b836d,helium/8663430b836d/rx,31.63637750820173,26.57282368200198,2023-06-16T15:32:30.000000Z
mqtt_consumer,95D650FEFF6E959E,grafana,8663430b836d,helium/8663430b836d/rx,29.33417257953765,27.480735484855416,2023-06-16T15:42:30.000000Z
mqtt_consumer,95D650FEFF6E959E,grafana,8663430b836d,helium/8663430b836d/rx,30.615930418860152,26.049439230945296,2023-06-16T15:52:30.000000Z
mqtt_consumer,95D650FEFF6E959E,grafana,8663430b836d,helium/8663430b836d/rx,30.57396810864424,26.495384145876244,2023-06-16T16:02:30.000000Z
mqtt_consumer,95D650FEFF6E959E,grafana,8663430b836d,helium/8663430b836d/rx,30.81620508125429,26.67696650644693,2023-06-16T16:12:30.000000Z
mqtt_consumer,95D650FEFF6E959E,grafana,8663430b836d,helium/8663430b836d/rx,29.80148012512398,27.248416876478217,2023-06-16T16:22:30.000000Z
mqtt_consumer,95D650FEFF6E959E,grafana,8663430b836d,helium/8663430b836d/rx,30.385137712672616,27.077515831235218,2023-06-16T16:32:30.000000Z
mqtt_consumer,95D650FEFF6E959E,grafana,8663430b836d,helium/8663430b836d/rx,31.11757076371405,26.917296101319906,2023-06-16T16:42:30.000000Z
mqtt_consumer,95D650FEFF6E959E,grafana,8663430b836d,helium/8663430b836d/rx,31.21866178377966,26.87724116884108,2023-06-16T16:52:30.000000Z
mqtt_consumer,95D650FEFF6E959E,grafana,8663430b836d,helium/8663430b836d/rx,30.627374685282675,27.026779583428706,2023-06-16T17:02:30.000000Z
mqtt_consumer,95D650FEFF6E959E,grafana,8663430b836d,helium/8663430b836d/rx,31.27588311589227,26.93064774547952,2023-06-16T17:12:30.000000Z
mqtt_consumer,95D650FEFF6E959E,grafana,8663430b836d,helium/8663430b836d/rx,31.21103227283131,26.439307240405896,2023-06-16T17:22:30.000000Z
mqtt_consumer,95D650FEFF6E959E,grafana,8663430b836d,helium/8663430b836d/rx,31.18051422903792,25.86251621271076,2023-06-16T17:32:30.000000Z
mqtt_consumer,95D650FEFF6E959E,grafana,8663430b836d,helium/8663430b836d/rx,32.82467383840696,25.523384451056685,2023-06-16T17:42:30.000000Z
mqtt_consumer,95D650FEFF6E959E,grafana,8663430b836d,helium/8663430b836d/rx,33.88326848249027,25.20294499122606,2023-06-16T17:52:30.000000Z
mqtt_consumer,95D650FEFF6E959E,grafana,8663430b836d,helium/8663430b836d/rx,33.641031509880214,24.893186846723125,2023-06-16T18:02:30.000000Z
mqtt_consumer,95D650FEFF6E959E,grafana,8663430b836d,helium/8663430b836d/rx,34.20943007553216,24.791714351110087,2023-06-16T18:12:30.000000Z
mqtt_consumer,95D650FEFF6E959E,grafana,8663430b836d,helium/8663430b836d/rx,34.520332646677346,24.50331883726253,2023-06-16T18:22:30.000000Z
mqtt_consumer,95D650FEFF6E959E,grafana,8663430b836d,helium/8663430b836d/rx,34.52605477988861,24.39383535515374,2023-06-16T18:32:30.000000Z
mqtt_consumer,95D650FEFF6E959E,grafana,8663430b836d,helium/8663430b836d/rx,35.14213778896773,24.399176012817577,2023-06-16T18:42:30.000000Z
mqtt_consumer,95D650FEFF6E959E,grafana,8663430b836d,helium/8663430b836d/rx,39.17242694743267,23.907835507743957,2023-06-16T18:52:30.000000Z
mqtt_consumer,95D650FEFF6E959E,grafana,8663430b836d,helium/8663430b836d/rx,39.24490730144198,23.389791714351105,2023-06-16T19:02:30.000000Z
mqtt_consumer,95D650FEFF6E959E,grafana,8663430b836d,helium/8663430b836d/rx,40.784161135271226,22.44983596551461,2023-06-16T19:12:30.000000Z
mqtt_consumer,95D650FEFF6E959E,grafana,8663430b836d,helium/8663430b836d/rx,42.22041657129778,21.987869077592123,2023-06-16T19:22:30.000000Z
mqtt_consumer,95D650FEFF6E959E,grafana,8663430b836d,helium/8663430b836d/rx,42.6896314946212,21.8383306630045,2023-06-16T19:32:30.000000Z
mqtt_consumer,95D650FEFF6E959E,grafana,8663430b836d,helium/8663430b836d/rx,43.03105210955978,21.6674296177615,2023-06-16T19:42:30.000000Z
mqtt_consumer,95D650FEFF6E959E,grafana,8663430b836d,helium/8663430b836d/rx,43.44304570077058,21.52323186083773,2023-06-16T19:52:30.000000Z
mqtt_consumer,95D650FEFF6E959E,grafana,8663430b836d,helium/8663430b836d/rx,44.08392462043183,21.411078049897,2023-06-16T20:02:30.000000Z
mqtt_consumer,95D650FEFF6E959E,grafana,8663430b836d,helium/8663430b836d/rx,44.4425116350042,20.938429846646827,2023-06-16T20:12:30.000000Z
mqtt_consumer,95D650FEFF6E959E,grafana,8663430b836d,helium/8663430b836d/rx,45.72617685206378,20.826276035706115,2023-06-16T20:22:30.000000Z
mqtt_consumer,95D650FEFF6E959E,grafana,8663430b836d,helium/8663430b836d/rx,44.97085526817731,20.735484855420765,2023-06-16T20:32:30.000000Z
mqtt_consumer,95D650FEFF6E959E,grafana,8663430b836d,helium/8663430b836d/rx,45.83680476081483,20.43106736858168,2023-06-16T20:42:30.000000Z
mqtt_consumer,95D650FEFF6E959E,grafana,8663430b836d,helium/8663430b836d/rx,46.712291142137786,20.11596856641489,2023-06-16T20:52:30.000000Z
mqtt_consumer,95D650FEFF6E959E,grafana,8663430b836d,helium/8663430b836d/rx,47.28831921873808,19.69672693980316,2023-06-16T21:02:30.000000Z
mqtt_consumer,95D650FEFF6E959E,grafana,8663430b836d,helium/8663430b836d/rx,49.35210193026627,19.280155642023345,2023-06-16T21:12:30.000000Z
mqtt_consumer,95D650FEFF6E959E,grafana,8663430b836d,helium/8663430b836d/rx,49.75455863279164,18.88494697489891,2023-06-16T21:22:30.000000Z
mqtt_consumer,95D650FEFF6E959E,grafana,8663430b836d,helium/8663430b836d/rx,51.324330510414285,18.44167238879988,2023-06-16T21:32:30.000000Z
mqtt_consumer,95D650FEFF6E959E,grafana,8663430b836d,helium/8663430b836d/rx,51.66193636987869,18.20668345159076,2023-06-16T21:42:30.000000Z
mqtt_consumer,95D650FEFF6E959E,grafana,8663430b836d,helium/8663430b836d/rx,51.79545281147478,18.193331807431143,2023-06-16T21:52:30.000000Z
mqtt_consumer,95D650FEFF6E959E,grafana,8663430b836d,helium/8663430b836d/rx,52.65758754863813,17.840848401617457,2023-06-16T22:02:31.000000Z
mqtt_consumer,95D650FEFF6E959E,grafana,8663430b836d,helium/8663430b836d/rx,52.127336537727935,17.883573662928207,2023-06-16T22:12:30.000000Z
mqtt_consumer,95D650FEFF6E959E,grafana,8663430b836d,helium/8663430b836d/rx,52.89028763256275,17.637903410391395,2023-06-16T22:22:30.000000Z
mqtt_consumer,95D650FEFF6E959E,grafana,8663430b836d,helium/8663430b836d/rx,54.0766765850309,17.280079346913865,2023-06-16T22:32:30.000000Z
mqtt_consumer,95D650FEFF6E959E,grafana,8663430b836d,helium/8663430b836d/rx,55.68841077286946,16.85015640497444,2023-06-16T22:42:30.000000Z
mqtt_consumer,95D650FEFF6E959E,grafana,8663430b836d,helium/8663430b836d/rx,55.2268253604944,16.87685969329366,2023-06-16T22:52:30.000000Z
mqtt_consumer,95D650FEFF6E959E,grafana,8663430b836d,helium/8663430b836d/rx,55.90585183489738,16.679255359731442,2023-06-16T23:02:30.000000Z
mqtt_consumer,95D650FEFF6E959E,grafana,8663430b836d,helium/8663430b836d/rx,56.888151369497216,16.337453269245444,2023-06-16T23:12:30.000000Z
mqtt_consumer,95D650FEFF6E959E,grafana,8663430b836d,helium/8663430b836d/rx,56.40367742427711,16.37483787289235,2023-06-16T23:22:30.000000Z
mqtt_consumer,95D650FEFF6E959E,grafana,8663430b836d,helium/8663430b836d/rx,56.73556115053025,16.36682688639658,2023-06-16T23:32:30.000000Z
mqtt_consumer,95D650FEFF6E959E,grafana,8663430b836d,helium/8663430b836d/rx,56.571526665140766,16.227969787136644,2023-06-16T23:42:30.000000Z
mqtt_consumer,95D650FEFF6E959E,grafana,8663430b836d,helium/8663430b836d/rx,56.49141680018311,16.158541237506675,2023-06-16T23:52:30.000000Z
mqtt_consumer,95D650FEFF6E959E,grafana,8663430b836d,helium/8663430b836d/rx,56.55817502098115,16.062409399557488,2023-06-17T00:02:30.000000Z
mqtt_consumer,95D650FEFF6E959E,grafana,8663430b836d,helium/8663430b836d/rx,56.89959563591974,15.9662775616083,2023-06-17T00:12:30.000000Z
mqtt_consumer,95D650FEFF6E959E,grafana,8663430b836d,helium/8663430b836d/rx,58.22140840772107,15.621805142290375,2023-06-17T00:22:30.000000Z
mqtt_consumer,95D650FEFF6E959E,grafana,8663430b836d,helium/8663430b836d/rx,58.139391165026325,15.579079880979627,2023-06-17T00:32:30.000000Z
mqtt_consumer,95D650FEFF6E959E,grafana,8663430b836d,helium/8663430b836d/rx,58.387350270847634,15.547035934996565,2023-06-17T00:42:30.000000Z
mqtt_consumer,95D650FEFF6E959E,grafana,8663430b836d,helium/8663430b836d/rx,57.914320592050046,15.595101853971158,2023-06-17T00:52:30.000000Z
mqtt_consumer,95D650FEFF6E959E,grafana,8663430b836d,helium/8663430b836d/rx,57.20859082932784,15.691233691920344,2023-06-17T01:02:30.000000Z
mqtt_consumer,95D650FEFF6E959E,grafana,8663430b836d,helium/8663430b836d/rx,57.74074921797513,15.629816128786146,2023-06-17T01:12:30.000000Z
mqtt_consumer,95D650FEFF6E959E,grafana,8663430b836d,helium/8663430b836d/rx,58.36255436026551,15.437552452887772,2023-06-17T01:22:30.000000Z
mqtt_consumer,95D650FEFF6E959E,grafana,8663430b836d,helium/8663430b836d/rx,58.614328221561,15.282673380636304,2023-06-17T01:32:30.000000Z
mqtt_consumer,95D650FEFF6E959E,grafana,8663430b836d,helium/8663430b836d/rx,59.25329976348516,15.138475623712525,2023-06-17T01:42:30.000000Z
mqtt_consumer,95D650FEFF6E959E,grafana,8663430b836d,helium/8663430b836d/rx,59.419241626611736,15.010299839780274,2023-06-17T01:52:30.000000Z
mqtt_consumer,95D650FEFF6E959E,grafana,8663430b836d,helium/8663430b836d/rx,59.779736018921184,14.900816357671474,2023-06-17T02:02:30.000000Z
mqtt_consumer,95D650FEFF6E959E,grafana,8663430b836d,helium/8663430b836d/rx,59.73968108644236,14.777981231403068,2023-06-17T02:12:30.000000Z
mqtt_consumer,95D650FEFF6E959E,grafana,8663430b836d,helium/8663430b836d/rx,59.92278934920272,14.75127794308385,2023-06-17T02:22:30.000000Z
mqtt_consumer,95D650FEFF6E959E,grafana,8663430b836d,helium/8663430b836d/rx,60.44350347142748,14.639124132143133,2023-06-17T02:32:30.000000Z
mqtt_consumer,95D650FEFF6E959E,grafana,8663430b836d,helium/8663430b836d/rx,61.06149385824369,14.372091248950944,2023-06-17T02:42:30.000000Z
mqtt_consumer,95D650FEFF6E959E,grafana,8663430b836d,helium/8663430b836d/rx,62.52445258258946,14.000915541313802,2023-06-17T02:52:30.000000Z
mqtt_consumer,95D650FEFF6E959E,grafana,8663430b836d,helium/8663430b836d/rx,62.46532387273976,13.915465018692302,2023-06-17T03:02:30.000000Z
mqtt_consumer,95D650FEFF6E959E,grafana,8663430b836d,helium/8663430b836d/rx,62.69230182345312,13.88342107270924,2023-06-17T03:12:30.000000Z
mqtt_consumer,95D650FEFF6E959E,grafana,8663430b836d,helium/8663430b836d/rx,63.11955443656062,13.888761730373083,2023-06-17T03:22:30.000000Z
mqtt_consumer,95D650FEFF6E959E,grafana,8663430b836d,helium/8663430b836d/rx,62.01899748226138,14.107728694590676,2023-06-17T03:32:30.000000Z
mqtt_consumer,95D650FEFF6E959E,grafana,8663430b836d,helium/8663430b836d/rx,61.92935072861829,14.169146257724885,2023-06-17T03:42:30.000000Z
mqtt_consumer,95D650FEFF6E959E,grafana,8663430b836d,helium/8663430b836d/rx,62.049515526054776,14.206530861371789,2023-06-17T03:52:30.000000Z
mqtt_consumer,95D650FEFF6E959E,grafana,8663430b836d,helium/8663430b836d/rx,62.20592050049592,14.07835507743954,2023-06-17T04:02:30.000000Z
mqtt_consumer,95D650FEFF6E959E,grafana,8663430b836d,helium/8663430b836d/rx,62.24788281071183,14.07835507743954,2023-06-17T04:12:30.000000Z
mqtt_consumer,95D650FEFF6E959E,grafana,8663430b836d,helium/8663430b836d/rx,62.41191729610132,14.067673762111852,2023-06-17T04:22:31.000000Z
mqtt_consumer,95D650FEFF6E959E,grafana,8663430b836d,helium/8663430b836d/rx,62.2822156099794,14.193179217212176,2023-06-17T04:32:30.000000Z
mqtt_consumer,95D650FEFF6E959E,grafana,8663430b836d,helium/8663430b836d/rx,62.00373846036469,14.321355001144426,2023-06-17T04:42:30.000000Z
mqtt_consumer,95D650FEFF6E959E,grafana,8663430b836d,helium/8663430b836d/rx,61.24841687647822,14.652475776302737,2023-06-17T04:52:30.000000Z
mqtt_consumer,95D650FEFF6E959E,grafana,8663430b836d,helium/8663430b836d/rx,60.367208361944,15.101091020065615,2023-06-17T05:02:30.000000Z
mqtt_consumer,95D650FEFF6E959E,grafana,8663430b836d,helium/8663430b836d/rx,59.23041123064012,15.715266651407646,2023-06-17T05:12:30.000000Z
mqtt_consumer,95D650FEFF6E959E,grafana,8663430b836d,helium/8663430b836d/rx,58.387350270847634,16.177233539330132,2023-06-17T05:22:30.000000Z
mqtt_consumer,95D650FEFF6E959E,grafana,8663430b836d,helium/8663430b836d/rx,56.63447013046464,16.87685969329366,2023-06-17T05:32:30.000000Z
mqtt_consumer,95D650FEFF6E959E,grafana,8663430b836d,helium/8663430b836d/rx,56.45708400091554,17.202639810788128,2023-06-17T05:42:30.000000Z
mqtt_consumer,95D650FEFF6E959E,grafana,8663430b836d,helium/8663430b836d/rx,55.67696650644694,17.571145189593345,2023-06-17T05:52:30.000000Z
mqtt_consumer,95D650FEFF6E959E,grafana,8663430b836d,helium/8663430b836d/rx,53.38239108873121,18.54314488441291,2023-06-17T06:02:30.000000Z
mqtt_consumer,95D650FEFF6E959E,grafana,8663430b836d,helium/8663430b836d/rx,52.13305867093919,18.58319981689173,2023-06-17T06:12:30.000000Z
mqtt_consumer,95D650FEFF6E959E,grafana,8663430b836d,helium/8663430b836d/rx,50.75020981155108,19.159990844586854,2023-06-17T06:22:30.000000Z
mqtt_consumer,95D650FEFF6E959E,grafana,8663430b836d,helium/8663430b836d/rx,49.231937132829785,19.613946746013585,2023-06-17T06:32:30.000000Z
mqtt_consumer,95D650FEFF6E959E,grafana,8663430b836d,helium/8663430b836d/rx,48.67879758907454,19.592584115358207,2023-06-17T06:42:30.000000Z
mqtt_consumer,95D650FEFF6E959E,grafana,8663430b836d,helium/8663430b836d/rx,49.22049286640726,19.26680399786373,2023-06-17T06:52:30.000000Z
mqtt_consumer,95D650FEFF6E959E,grafana,8663430b836d,helium/8663430b836d/rx,46.935454337376974,20.36430914778363,2023-06-17T07:02:30.000000Z
mqtt_consumer,95D650FEFF6E959E,grafana,8663430b836d,helium/8663430b836d/rx,45.40383001449607,20.9357595178149,2023-06-17T07:12:30.000000Z
mqtt_consumer,95D650FEFF6E959E,grafana,8663430b836d,helium/8663430b836d/rx,44.909819180590524,21.3256275272755,2023-06-17T07:22:30.000000Z
mqtt_consumer,95D650FEFF6E959E,grafana,8663430b836d,helium/8663430b836d/rx,44.34714274814984,21.71015487907225,2023-06-17T07:32:30.000000Z
mqtt_consumer,95D650FEFF6E959E,grafana,8663430b836d,helium/8663430b836d/rx,43.900816357671474,22.035934996566723,2023-06-17T07:42:30.000000Z
mqtt_consumer,95D650FEFF6E959E,grafana,8663430b836d,helium/8663430b836d/rx,43.86266880292973,22.636758983749147,2023-06-17T07:52:30.000000Z
mqtt_consumer,95D650FEFF6E959E,grafana,8663430b836d,helium/8663430b836d/rx,42.19943541618982,22.930495155260544,2023-06-17T08:02:30.000000Z
mqtt_consumer,95D650FEFF6E959E,grafana,8663430b836d,helium/8663430b836d/rx,41.325856412603954,23.29365987640192,2023-06-17T08:12:30.000000Z
mqtt_consumer,95D650FEFF6E959E,grafana,8663430b836d,helium/8663430b836d/rx,40.87380788891432,23.437857633325702,2023-06-17T08:22:30.000000Z
mqtt_consumer,95D650FEFF6E959E,grafana,8663430b836d,helium/8663430b836d/rx,40.52666514076448,23.950560769054704,2023-06-17T08:32:30.000000Z
mqtt_consumer,95D650FEFF6E959E,grafana,8663430b836d,helium/8663430b836d/rx,39.02746623941405,24.45525291828794,2023-06-17T08:42:30.000000Z
mqtt_consumer,95D650FEFF6E959E,grafana,8663430b836d,helium/8663430b836d/rx,39.403219653620205,23.755626764324404,2023-06-17T08:52:30.000000Z
mqtt_consumer,95D650FEFF6E959E,grafana,8663430b836d,helium/8663430b836d/rx,37.47486076142519,25.09079118028535,2023-06-17T09:02:30.000000Z
mqtt_consumer,95D650FEFF6E959E,grafana,8663430b836d,helium/8663430b836d/rx,37.45197222858015,25.0854505226215,2023-06-17T09:12:30.000000Z
mqtt_consumer,95D650FEFF6E959E,grafana,8663430b836d,helium/8663430b836d/rx,36.94651712825208,25.165560387579163,2023-06-17T09:22:30.000000Z
mqtt_consumer,95D650FEFF6E959E,grafana,8663430b836d,helium/8663430b836d/rx,36.55741206988632,25.15220874341955,2023-06-17T09:32:30.000000Z
mqtt_consumer,95D650FEFF6E959E,grafana,8663430b836d,helium/8663430b836d/rx,37.22117952239262,24.9759670405127,2023-06-17T09:42:30.000000Z
mqtt_consumer,95D650FEFF6E959E,grafana,8663430b836d,helium/8663430b836d/rx,35.2642099641413,25.82513160906386,2023-06-17T09:52:30.000000Z
mqtt_consumer,95D650FEFF6E959E,grafana,8663430b836d,helium/8663430b836d/rx,34.44213015945678,25.77706569008926,2023-06-17T10:02:30.000000Z
mqtt_consumer,95D650FEFF6E959E,grafana,8663430b836d,helium/8663430b836d/rx,32.475623712520026,26.551461051346607,2023-06-17T10:12:30.000000Z
mqtt_consumer,95D650FEFF6E959E,grafana,8663430b836d,helium/8663430b836d/rx,32.20859082932784,26.52208743419547,2023-06-17T10:22:30.000000Z
mqtt_consumer,95D650FEFF6E959E,grafana,8663430b836d,helium/8663430b836d/rx,30.73418783855955,26.60219729915312,2023-06-17T10:32:30.000000Z
mqtt_consumer,95D650FEFF6E959E,grafana,8663430b836d,helium/8663430b836d/rx,29.79957274738689,26.82116426337072,2023-06-17T10:42:30.000000Z
mqtt_consumer,95D650FEFF6E959E,grafana,8663430b836d,helium/8663430b836d/rx,30.47478446631571,27.008087281605256,2023-06-17T10:52:30.000000Z
mqtt_consumer,95D650FEFF6E959E,grafana,8663430b836d,helium/8663430b836d/rx,29.56115053025101,27.141603723201342,2023-06-17T11:02:30.000000Z
mqtt_consumer,95D650FEFF6E959E,grafana,8663430b836d,helium/8663430b836d/rx,30.25925078202487,26.898603799496456,2023-06-17T11:12:30.000000Z
mqtt_consumer,95D650FEFF6E959E,grafana,8663430b836d,helium/8663430b836d/rx,31.018387121385523,27.07484550240329,2023-06-17T11:22:30.000000Z
mqtt_consumer,95D650FEFF6E959E,grafana,8663430b836d,helium/8663430b836d/rx,30.095216296635385,27.35255970092317,2023-06-17T11:32:30.000000Z
mqtt_consumer,95D650FEFF6E959E,grafana,8663430b836d,helium/8663430b836d/rx,30.949721522850385,27.25642786297398,2023-06-17T11:42:30.000000Z
mqtt_consumer,95D650FEFF6E959E,grafana,8663430b836d,helium/8663430b836d/rx,30.37369344625009,27.656977187762266,2023-06-17T11:52:30.000000Z
mqtt_consumer,95D650FEFF6E959E,grafana,8663430b836d,helium/8663430b836d/rx,30.51865415426871,28.25246051728084,2023-06-17T12:02:30.000000Z
mqtt_consumer,95D650FEFF6E959E,grafana,8663430b836d,helium/8663430b836d/rx,31.20149538414588,27.339208056763567,2023-06-17T12:12:30.000000Z
mqtt_consumer,95D650FEFF6E959E,grafana,8663430b836d,helium/8663430b836d/rx,31.792782482642863,27.72373540856032,2023-06-17T12:22:30.000000Z
mqtt_consumer,95D650FEFF6E959E,grafana,8663430b836d,helium/8663430b836d/rx,30.299305714503703,27.948043030441752,2023-06-17T12:32:30.000000Z
mqtt_consumer,95D650FEFF6E959E,grafana,8663430b836d,helium/8663430b836d/rx,30.535820553902496,28.599603265430687,2023-06-17T12:42:30.000000Z
mqtt_consumer,95D650FEFF6E959E,grafana,8663430b836d,helium/8663430b836d/rx,29.603112840466927,28.23910887312124,2023-06-17T12:52:30.000000Z
mqtt_consumer,95D650FEFF6E959E,grafana,8663430b836d,helium/8663430b836d/rx,25.96955825131609,28.24444953078508,2023-06-17T13:02:30.000000Z
mqtt_consumer,95D650FEFF6E959E,grafana,8663430b836d,helium/8663430b836d/rx,24.78889143205921,28.53284504463264,2023-06-17T13:12:30.000000Z
mqtt_consumer,95D650FEFF6E959E,grafana,8663430b836d,helium/8663430b836d/rx,22.30357824063477,28.31387808041505,2023-06-17T13:22:30.000000Z
mqtt_consumer,95D650FEFF6E959E,grafana,8663430b836d,helium/8663430b836d/rx,25.93331807431144,28.431372549019613,2023-06-17T13:32:30.000000Z
mqtt_consumer,95D650FEFF6E959E,grafana,8663430b836d,helium/8663430b836d/rx,23.79705500877394,29.715800717174037,2023-06-17T13:42:31.000000Z
mqtt_consumer,95D650FEFF6E959E,grafana,8663430b836d,helium/8663430b836d/rx,23.852368963149463,28.8826581216144,2023-06-17T13:52:30.000000Z
mqtt_consumer,95D650FEFF6E959E,grafana,8663430b836d,helium/8663430b836d/rx,24.197604333562214,29.16037232013429,2023-06-17T14:02:30.000000Z
mqtt_consumer,95D650FEFF6E959E,grafana,8663430b836d,helium/8663430b836d/rx,25.25238422217136,28.81322957198444,2023-06-17T14:12:30.000000Z
mqtt_consumer,95D650FEFF6E959E,grafana,8663430b836d,helium/8663430b836d/rx,26.27473868925002,28.466086823834587,2023-06-17T14:22:30.000000Z
mqtt_consumer,95D650FEFF6E959E,grafana,8663430b836d,helium/8663430b836d/rx,26.75539787899596,28.3085374227512,2023-06-17T14:32:30.000000Z
mqtt_consumer,95D650FEFF6E959E,grafana,8663430b836d,helium/8663430b836d/rx,26.59136339360647,28.666361486228737,2023-06-17T14:42:30.000000Z
mqtt_consumer,95D650FEFF6E959E,grafana,8663430b836d,helium/8663430b836d/rx,26.9995422293431,28.933394369420924,2023-06-17T14:52:30.000000Z
mqtt_consumer,95D650FEFF6E959E,grafana,8663430b836d,helium/8663430b836d/rx,27.29709315632868,28.89600976577401,2023-06-17T15:02:30.000000Z
mqtt_consumer,95D650FEFF6E959E,grafana,8663430b836d,helium/8663430b836d/rx,27.482108796826125,28.644998855573363,2023-06-17T15:12:30.000000Z
mqtt_consumer,95D650FEFF6E959E,grafana,8663430b836d,helium/8663430b836d/rx,28.47585259784848,28.1136034180209,2023-06-17T15:22:30.000000Z
mqtt_consumer,95D650FEFF6E959E,grafana,8663430b836d,helium/8663430b836d/rx,28.452964065003435,28.770504310673687,2023-06-17T15:32:30.000000Z
mqtt_consumer,95D650FEFF6E959E,grafana,8663430b836d,helium/8663430b836d/rx,29.13962005035477,28.35393301289388,2023-06-17T15:42:30.000000Z
mqtt_consumer,95D650FEFF6E959E,grafana,8663430b836d,helium/8663430b836d/rx,28.96032654306859,28.78652628366521,2023-06-17T15:52:30.000000Z
mqtt_consumer,95D650FEFF6E959E,grafana,8663430b836d,helium/8663430b836d/rx,29.732814526588847,28.6743724727245,2023-06-17T16:02:30.000000Z
mqtt_consumer,95D650FEFF6E959E,grafana,8663430b836d,helium/8663430b836d/rx,29.814831769283582,28.340581368734263,2023-06-17T16:12:30.000000Z
mqtt_consumer,95D650FEFF6E959E,grafana,8663430b836d,helium/8663430b836d/rx,29.95025558861677,28.23376821545739,2023-06-17T16:22:30.000000Z
mqtt_consumer,95D650FEFF6E959E,grafana,8663430b836d,helium/8663430b836d/rx,30.4461738002594,28.372625314717325,2023-06-17T16:32:31.000000Z
mqtt_consumer,95D650FEFF6E959E,grafana,8663430b836d,helium/8663430b836d/rx,30.440451667048144,28.41000991836424,2023-06-17T16:42:30.000000Z
mqtt_consumer,95D650FEFF6E959E,grafana,8663430b836d,helium/8663430b836d/rx,31.52956435492485,28.14831769283589,2023-06-17T16:52:30.000000Z
mqtt_consumer,95D650FEFF6E959E,grafana,8663430b836d,helium/8663430b836d/rx,31.441824979018847,28.439383535515372,2023-06-17T17:02:30.000000Z
mqtt_consumer,95D650FEFF6E959E,grafana,8663430b836d,helium/8663430b836d/rx,31.73556115053025,28.03349355306325,2023-06-17T17:12:30.000000Z
mqtt_consumer,95D650FEFF6E959E,grafana,8663430b836d,helium/8663430b836d/rx,31.809948882276643,27.91599908445869,2023-06-17T17:22:30.000000Z
mqtt_consumer,95D650FEFF6E959E,grafana,8663430b836d,helium/8663430b836d/rx,32.69306477454795,27.84122987716488,2023-06-17T17:32:30.000000Z
mqtt_consumer,95D650FEFF6E959E,grafana,8663430b836d,helium/8663430b836d/rx,33.37972075989929,27.643625543602653,2023-06-17T17:42:30.000000Z
mqtt_consumer,95D650FEFF6E959E,grafana,8663430b836d,helium/8663430b836d/rx,33.25001907377737,27.34721904325933,2023-06-17T17:52:30.000000Z
mqtt_consumer,95D650FEFF6E959E,grafana,8663430b836d,helium/8663430b836d/rx,33.83939879453727,27.34187838559548,2023-06-17T18:02:30.000000Z
mqtt_consumer,95D650FEFF6E959E,grafana,8663430b836d,helium/8663430b836d/rx,34.33722438391699,27.251087205310142,2023-06-17T18:12:30.000000Z
mqtt_consumer,95D650FEFF6E959E,grafana,8663430b836d,helium/8663430b836d/rx,34.91897459372854,27.21370260166323,2023-06-17T18:22:30.000000Z
mqtt_consumer,95D650FEFF6E959E,grafana,8663430b836d,helium/8663430b836d/rx,37.339436942092014,27.11757076371404,2023-06-17T18:32:30.000000Z
mqtt_consumer,95D650FEFF6E959E,grafana,8663430b836d,helium/8663430b836d/rx,37.88494697489891,26.468680857557032,2023-06-17T18:42:30.000000Z
mqtt_consumer,95D650FEFF6E959E,grafana,8663430b836d,helium/8663430b836d/rx,40.14900434882125,25.437933928435186,2023-06-17T18:52:30.000000Z
mqtt_consumer,95D650FEFF6E959E,grafana,8663430b836d,helium/8663430b836d/rx,41.65583276112001,24.775692378118563,2023-06-17T19:02:30.000000Z
mqtt_consumer,95D650FEFF6E959E,grafana,8663430b836d,helium/8663430b836d/rx,43.05966277561608,24.140154116121156,2023-06-17T19:12:30.000000Z
mqtt_consumer,95D650FEFF6E959E,grafana,8663430b836d,helium/8663430b836d/rx,43.49645227740902,23.90516517891203,2023-06-17T19:22:30.000000Z
mqtt_consumer,95D650FEFF6E959E,grafana,8663430b836d,helium/8663430b836d/rx,43.99618524452583,23.63012130922408,2023-06-17T19:32:30.000000Z
mqtt_consumer,95D650FEFF6E959E,grafana,8663430b836d,helium/8663430b836d/rx,45.99893186846723,23.19752803845273,2023-06-17T19:42:30.000000Z
mqtt_consumer,95D650FEFF6E959E,grafana,8663430b836d,helium/8663430b836d/rx,46.31746395056077,22.604715037766084,2023-06-17T19:52:30.000000Z
mqtt_consumer,95D650FEFF6E959E,grafana,8663430b836d,helium/8663430b836d/rx,47.03273060196842,22.465857938506147,2023-06-17T20:02:30.000000Z
mqtt_consumer,95D650FEFF6E959E,grafana,8663430b836d,helium/8663430b836d/rx,47.19867246509499,22.177462424658582,2023-06-17T20:12:30.000000Z
mqtt_consumer,95D650FEFF6E959E,grafana,8663430b836d,helium/8663430b836d/rx,48.579613946746015,21.6300450141146,2023-06-17T20:22:30.000000Z
mqtt_consumer,95D650FEFF6E959E,grafana,8663430b836d,helium/8663430b836d/rx,49.550469214923325,21.320286869611664,2023-06-17T20:32:30.000000Z
mqtt_consumer,95D650FEFF6E959E,grafana,8663430b836d,helium/8663430b836d/rx,49.61913481345846,21.19745174334325,2023-06-17T20:42:30.000000Z
mqtt_consumer,95D650FEFF6E959E,grafana,8663430b836d,helium/8663430b836d/rx,50.12077515831236,20.86633096818494,2023-06-17T20:52:30.000000Z
mqtt_consumer,95D650FEFF6E959E,grafana,8663430b836d,helium/8663430b836d/rx,49.16136415655757,20.999847409781022,2023-06-17T21:02:30.000000Z
mqtt_consumer,95D650FEFF6E959E,grafana,8663430b836d,helium/8663430b836d/rx,51.75539787899596,20.206759746700243,2023-06-17T21:12:30.000000Z
mqtt_consumer,95D650FEFF6E959E,grafana,8663430b836d,helium/8663430b836d/rx,52.74723430228122,19.929045548180355,2023-06-17T21:22:30.000000Z
mqtt_consumer,95D650FEFF6E959E,grafana,8663430b836d,helium/8663430b836d/rx,52.65186541542687,19.65133134966048,2023-06-17T21:32:30.000000Z
mqtt_consumer,95D650FEFF6E959E,grafana,8663430b836d,helium/8663430b836d/rx,53.84397650110628,19.20805676356146,2023-06-17T21:42:30.000000Z
mqtt_consumer,95D650FEFF6E959E,grafana,8663430b836d,helium/8663430b836d/rx,54.86442359044785,18.94636453803311,2023-06-17T21:52:30.000000Z
mqtt_consumer,95D650FEFF6E959E,grafana,8663430b836d,helium/8663430b836d/rx,55.3145647364004,18.75677119096666,2023-06-17T22:02:30.000000Z
mqtt_consumer,95D650FEFF6E959E,grafana,8663430b836d,helium/8663430b836d/rx,55.53963530937667,18.591210803387504,2023-06-17T22:12:30.000000Z
mqtt_consumer,95D650FEFF6E959E,grafana,8663430b836d,helium/8663430b836d/rx,55.61402304112306,18.521782253757536,2023-06-17T22:22:30.000000Z
mqtt_consumer,95D650FEFF6E959E,grafana,8663430b836d,helium/8663430b836d/rx,55.730373083085375,18.49507896543832,2023-06-17T22:32:30.000000Z
mqtt_consumer,95D650FEFF6E959E,grafana,8663430b836d,helium/8663430b836d/rx,55.30502784771496,18.5538261997406,2023-06-17T22:42:30.000000Z
mqtt_consumer,95D650FEFF6E959E,grafana,8663430b836d,helium/8663430b836d/rx,54.81864652475776,18.56183718623636,2023-06-17T22:52:30.000000Z
mqtt_consumer,95D650FEFF6E959E,grafana,8663430b836d,helium/8663430b836d/rx,54.91783016708629,18.49774929427024,2023-06-17T23:02:31.000000Z
mqtt_consumer,95D650FEFF6E959E,grafana,8663430b836d,helium/8663430b836d/rx,55.039902342259865,18.33218890669108,2023-06-17T23:12:30.000000Z
mqtt_consumer,95D650FEFF6E959E,grafana,8663430b836d,helium/8663430b836d/rx,55.27832455939574,18.16128786144808,2023-06-17T23:22:30.000000Z
mqtt_consumer,95D650FEFF6E959E,grafana,8663430b836d,helium/8663430b836d/rx,55.850537880521856,18.065156023498893,2023-06-17T23:32:30.000000Z
mqtt_consumer,95D650FEFF6E959E,grafana,8663430b836d,helium/8663430b836d/rx,55.52437628747997,17.97703517204547,2023-06-17T23:42:30.000000Z
mqtt_consumer,95D650FEFF6E959E,grafana,8663430b836d,helium/8663430b836d/rx,55.9325551232166,17.854200045777063,2023-06-17T23:52:30.000000Z
mqtt_consumer,95D650FEFF6E959E,grafana,8663430b836d,helium/8663430b836d/rx,56.28732738231479,17.747386892500188,2023-06-18T00:02:30.000000Z
mqtt_consumer,95D650FEFF6E959E,grafana,8663430b836d,helium/8663430b836d/rx,57.26581216144045,17.442969405661096,2023-06-18T00:12:30.000000Z
mqtt_consumer,95D650FEFF6E959E,grafana,8663430b836d,helium/8663430b836d/rx,57.80178530556192,17.085145342183566,2023-06-18T00:22:30.000000Z
mqtt_consumer,95D650FEFF6E959E,grafana,8663430b836d,helium/8663430b836d/rx,58.251926451514464,16.975661860074766,2023-06-18T00:32:30.000000Z
mqtt_consumer,95D650FEFF6E959E,grafana,8663430b836d,helium/8663430b836d/rx,57.73121232928969,17.00236514839399,2023-06-18T00:42:30.000000Z
mqtt_consumer,95D650FEFF6E959E,grafana,8663430b836d,helium/8663430b836d/rx,58.01541161211567,16.863508049134047,2023-06-18T00:52:30.000000Z
mqtt_consumer,95D650FEFF6E959E,grafana,8663430b836d,helium/8663430b836d/rx,59.32959487296864,16.53772793163958,2023-06-18T01:02:30.000000Z
mqtt_consumer,95D650FEFF6E959E,grafana,8663430b836d,helium/8663430b836d/rx,59.08926527809568,16.473640039673455,2023-06-18T01:12:30.000000Z
mqtt_consumer,95D650FEFF6E959E,grafana,8663430b836d,helium/8663430b836d/rx,59.1007095445182,16.342793926909287,2023-06-18T01:22:30.000000Z
mqtt_consumer,95D650FEFF6E959E,grafana,8663430b836d,helium/8663430b836d/rx,58.83367666132601,16.337453269245444,2023-06-18T01:32:30.000000Z
mqtt_consumer,95D650FEFF6E959E,grafana,8663430b836d,helium/8663430b836d/rx,58.59143968871595,16.396200503547725,2023-06-18T01:42:30.000000Z
mqtt_consumer,95D650FEFF6E959E,grafana,8663430b836d,helium/8663430b836d/rx,59.06637674525064,16.214618142977038,2023-06-18T01:52:30.000000Z
mqtt_consumer,95D650FEFF6E959E,grafana,8663430b836d,helium/8663430b836d/rx,59.65194171053635,16.065079728389414,2023-06-18T02:02:30.000000Z
mqtt_consumer,95D650FEFF6E959E,grafana,8663430b836d,helium/8663430b836d/rx,59.482185091935605,16.01968413824674,2023-06-18T02:12:30.000000Z
mqtt_consumer,95D650FEFF6E959E,grafana,8663430b836d,helium/8663430b836d/rx,59.583276112001215,15.84878309300374,2023-06-18T02:22:31.000000Z
mqtt_consumer,95D650FEFF6E959E,grafana,8663430b836d,helium/8663430b836d/rx,59.60044251163501,15.82207980468452,2023-06-18T02:32:30.000000Z
mqtt_consumer,95D650FEFF6E959E,grafana,8663430b836d,helium/8663430b836d/rx,60.56939040207523,15.555046921492334,2023-06-18T02:42:30.000000Z
mqtt_consumer,95D650FEFF6E959E,grafana,8663430b836d,helium/8663430b836d/rx,61.17402914473182,15.357442587930116,2023-06-18T02:52:30.000000Z
mqtt_consumer,95D650FEFF6E959E,grafana,8663430b836d,helium/8663430b836d/rx,61.50209811551079,15.22659647516594,2023-06-18T03:02:30.000000Z
mqtt_consumer,95D650FEFF6E959E,grafana,8663430b836d,helium/8663430b836d/rx,61.92362859540704,15.06637674525063,2023-06-18T03:12:30.000000Z
mqtt_consumer,95D650FEFF6E959E,grafana,8663430b836d,helium/8663430b836d/rx,62.63889524681469,14.916838330663005,2023-06-18T03:22:31.000000Z
mqtt_consumer,95D650FEFF6E959E,grafana,8663430b836d,helium/8663430b836d/rx,67.04875257495995,14.815365835049974,2023-06-18T03:32:30.000000Z
mqtt_consumer,95D650FEFF6E959E,grafana,8663430b836d,helium/8663430b836d/rx,65.0650797283894,14.740596627756162,2023-06-18T03:42:30.000000Z
mqtt_consumer,95D650FEFF6E959E,grafana,8663430b836d,helium/8663430b836d/rx,63.394216830701154,14.70054169527733,2023-06-18T03:52:30.000000Z
mqtt_consumer,95D650FEFF6E959E,grafana,8663430b836d,helium/8663430b836d/rx,64.44899671931029,14.551003280689706,2023-06-18T04:02:31.000000Z
mqtt_consumer,95D650FEFF6E959E,grafana,8663430b836d,helium/8663430b836d/rx,62.619821469443806,14.65781643396658,2023-06-18T04:12:30.000000Z
mqtt_consumer,95D650FEFF6E959E,grafana,8663430b836d,helium/8663430b836d/rx,62.49965667200732,14.791332875562674,2023-06-18T04:22:30.000000Z
mqtt_consumer,95D650FEFF6E959E,grafana,8663430b836d,helium/8663430b836d/rx,61.54787518120088,15.053025101091023,2023-06-18T04:32:30.000000Z
mqtt_consumer,95D650FEFF6E959E,grafana,8663430b836d,helium/8663430b836d/rx,61.06340123598078,15.258640421149003,2023-06-18T04:42:30.000000Z
mqtt_consumer,95D650FEFF6E959E,grafana,8663430b836d,helium/8663430b836d/rx,60.269932097352566,15.418860151064315,2023-06-18T04:52:30.000000Z
mqtt_consumer,95D650FEFF6E959E,grafana,8663430b836d,helium/8663430b836d/rx,59.00152590218967,15.990310521095594,2023-06-18T05:02:30.000000Z
mqtt_consumer,95D650FEFF6E959E,grafana,8663430b836d,helium/8663430b836d/rx,57.81322957198444,16.412222476539256,2023-06-18T05:12:31.000000Z
mqtt_consumer,95D650FEFF6E959E,grafana,8663430b836d,helium/8663430b836d/rx,57.45464255741207,16.823453116655223,2023-06-18T05:22:30.000000Z
mqtt_consumer,95D650FEFF6E959E,grafana,8663430b836d,helium/8663430b836d/rx,60.870756084534975,16.489662012664986,2023-06-18T05:32:30.000000Z
mqtt_consumer,95D650FEFF6E959E,grafana,8663430b836d,helium/8663430b836d/rx,58.50179293507286,17.103837644007022,2023-06-18T05:42:30.000000Z
mqtt_consumer,95D650FEFF6E959E,grafana,8663430b836d,helium/8663430b836d/rx,56.6840619516289,17.969024185549706,2023-06-18T05:52:30.000000Z
mqtt_consumer,95D650FEFF6E959E,grafana,8663430b836d,helium/8663430b836d/rx,54.78622110322728,18.91966124971389,2023-06-18T06:02:30.000000Z
mqtt_consumer,95D650FEFF6E959E,grafana,8663430b836d,helium/8663430b836d/rx,53.46250095368887,19.229419394216837,2023-06-18T06:12:30.000000Z
mqtt_consumer,95D650FEFF6E959E,grafana,8663430b836d,helium/8663430b836d/rx,52.96658274204624,19.69138628213932,2023-06-18T06:22:30.000000Z
mqtt_consumer,95D650FEFF6E959E,grafana,8663430b836d,helium/8663430b836d/rx,52.84069581139849,19.90501258869307,2023-06-18T06:32:30.000000Z
mqtt_consumer,95D650FEFF6E959E,grafana,8663430b836d,helium/8663430b836d/rx,50.49080643930724,20.684748607614253,2023-06-18T06:42:30.000000Z
mqtt_consumer,95D650FEFF6E959E,grafana,8663430b836d,helium/8663430b836d/rx,48.47089341573205,20.73281452658884,2023-06-18T06:52:30.000000Z
mqtt_consumer,95D650FEFF6E959E,grafana,8663430b836d,helium/8663430b836d/rx,47.85290302891585,20.626001373311965,2023-06-18T07:02:30.000000Z
mqtt_consumer,95D650FEFF6E959E,grafana,8663430b836d,helium/8663430b836d/rx,47.21393148699168,21.461814297703512,2023-06-18T07:12:31.000000Z
mqtt_consumer,95D650FEFF6E959E,grafana,8663430b836d,helium/8663430b836d/rx,45.02998397802701,22.556649118791483,2023-06-18T07:22:31.000000Z
mqtt_consumer,95D650FEFF6E959E,grafana,8663430b836d,helium/8663430b836d/rx,44.67711909666591,22.337682154573898,2023-06-18T07:32:30.000000Z
mqtt_consumer,95D650FEFF6E959E,grafana,8663430b836d,helium/8663430b836d/rx,43.9256122682536,22.807660028992142,2023-06-18T07:42:30.000000Z
mqtt_consumer,95D650FEFF6E959E,grafana,8663430b836d,helium/8663430b836d/rx,41.96101319905394,23.28297856107423,2023-06-18T07:52:33.000000Z
mqtt_consumer,95D650FEFF6E959E,grafana,8663430b836d,helium/8663430b836d/rx,40.791790646219575,23.93186846723125,2023-06-18T08:02:31.000000Z
mqtt_consumer,95D650FEFF6E959E,grafana,8663430b836d,helium/8663430b836d/rx,40.606775005722135,23.755626764324404,2023-06-18T08:12:30.000000Z
mqtt_consumer,95D650FEFF6E959E,grafana,8663430b836d,helium/8663430b836d/rx,39.55580987258717,24.417868314641023,2023-06-18T08:22:31.000000Z
mqtt_consumer,95D650FEFF6E959E,grafana,8663430b836d,helium/8663430b836d/rx,39.639734493019,24.770351720454716,2023-06-18T08:32:31.000000Z
mqtt_consumer,95D650FEFF6E959E,grafana,8663430b836d,helium/8663430b836d/rx,38.72037842374304,25.70496681162737,2023-06-18T08:42:31.000000Z
mqtt_consumer,95D650FEFF6E959E,grafana,8663430b836d,helium/8663430b836d/rx,38.51056687266346,25.419241626611736,2023-06-18T08:52:31.000000Z
mqtt_consumer,95D650FEFF6E959E,grafana,8663430b836d,helium/8663430b836d/rx,37.228809033340966,26.39124132143129,2023-06-18T09:02:31.000000Z
mqtt_consumer,95D650FEFF6E959E,grafana,8663430b836d,helium/8663430b836d/rx,36.20836194399939,27.10154879072252,2023-06-18T09:12:31.000000Z
mqtt_consumer,95D650FEFF6E959E,grafana,8663430b836d,helium/8663430b836d/rx,36.96368352788586,26.50339513237202,2023-06-18T09:22:31.000000Z
mqtt_consumer,95D650FEFF6E959E,grafana,8663430b836d,helium/8663430b836d/rx,37.52254520485237,26.63157091630427,2023-06-18T09:32:31.000000Z
mqtt_consumer,95D650FEFF6E959E,grafana,8663430b836d,helium/8663430b836d/rx,37.459601739528495,26.511406118867782,2023-06-18T09:42:31.000000Z
mqtt_consumer,95D650FEFF6E959E,grafana,8663430b836d,helium/8663430b836d/rx,36.526894026092926,26.789120317387656,2023-06-18T09:52:31.000000Z
mqtt_consumer,95D650FEFF6E959E,grafana,8663430b836d,helium/8663430b836d/rx,36.93125810635538,26.794460975051493,2023-06-18T10:02:31.000000Z
mqtt_consumer,95D650FEFF6E959E,grafana,8663430b836d,helium/8663430b836d/rx,35.014343480582895,27.248416876478217,2023-06-18T10:12:31.000000Z
mqtt_consumer,95D650FEFF6E959E,grafana,8663430b836d,helium/8663430b836d/rx,35.31570916304265,27.34988937209125,2023-06-18T10:22:31.000000Z
mqtt_consumer,95D650FEFF6E959E,grafana,8663430b836d,helium/8663430b836d/rx,35.21461814297704,27.251087205310142,2023-06-18T10:32:31.000000Z
mqtt_consumer,95D650FEFF6E959E,grafana,8663430b836d,helium/8663430b836d/rx,35.2642099641413,27.30449378194858,2023-06-18T10:42:33.000000Z
mqtt_consumer,95D650FEFF6E959E,grafana,8663430b836d,helium/8663430b836d/rx,34.77210650797284,28.618295567254137,2023-06-18T10:52:31.000000Z
mqtt_consumer,95D650FEFF6E959E,grafana,8663430b836d,helium/8663430b836d/rx,34.69390402075227,28.23376821545739,2023-06-18T11:02:31.000000Z
mqtt_consumer,95D650FEFF6E959E,grafana,8663430b836d,helium/8663430b836d/rx,33.345387960631726,29.30189974822613,2023-06-18T11:12:31.000000Z
mqtt_consumer,95D650FEFF6E959E,grafana,8663430b836d,helium/8663430b836d/rx,32.57671473258564,29.04821850919356,2023-06-18T11:22:31.000000Z
mqtt_consumer,95D650FEFF6E959E,grafana,8663430b836d,helium/8663430b836d/rx,32.084611276417185,29.30457007705806,2023-06-18T11:32:31.000000Z
mqtt_consumer,95D650FEFF6E959E,grafana,8663430b836d,helium/8663430b836d/rx,32.363088426031894,29.961470969710845,2023-06-18T11:42:31.000000Z
mqtt_consumer,95D650FEFF6E959E,grafana,8663430b836d,helium/8663430b836d/rx,30.24208438239109,29.89738307774472,2023-06-18T11:52:31.000000Z
mqtt_consumer,95D650FEFF6E959E,grafana,8663430b836d,helium/8663430b836d/rx,30.68650339513237,30.666437781338217,2023-06-18T12:02:31.000000Z
mqtt_consumer,95D650FEFF6E959E,grafana,8663430b836d,helium/8663430b836d/rx,30.224917982757304,30.364690623331043,2023-06-18T12:12:31.000000Z
mqtt_consumer,95D650FEFF6E959E,grafana,8663430b836d,helium/8663430b836d/rx,30.49385824368658,30.04425116350042,2023-06-18T12:22:31.000000Z
mqtt_consumer,95D650FEFF6E959E,grafana,8663430b836d,helium/8663430b836d/rx,30.61783779659724,30.583657587548643,2023-06-18T12:32:31.000000Z
mqtt_consumer,95D650FEFF6E959E,grafana,8663430b836d,helium/8663430b836d/rx,29.42000457770657,31.358052948805977,2023-06-18T12:42:31.000000Z
mqtt_consumer,95D650FEFF6E959E,grafana,8663430b836d,helium/8663430b836d/rx,30.73037308308537,30.63172350652323,2023-06-18T12:52:31.000000Z
mqtt_consumer,95D650FEFF6E959E,grafana,8663430b836d,helium/8663430b836d/rx,30.289768825818264,30.56496528572518,2023-06-18T13:02:31.000000Z
mqtt_consumer,95D650FEFF6E959E,grafana,8663430b836d,helium/8663430b836d/rx,30.018921187151903,30.68245975432974,2023-06-18T13:12:31.000000Z
mqtt_consumer,95D650FEFF6E959E,grafana,8663430b836d,helium/8663430b836d/rx,29.33417257953765,30.61303120469978,2023-06-18T13:22:31.000000Z
mqtt_consumer,95D650FEFF6E959E,grafana,8663430b836d,helium/8663430b836d/rx,30.17723353933013,29.87067978942549,2023-06-18T13:32:31.000000Z
mqtt_consumer,95D650FEFF6E959E,grafana,8663430b836d,helium/8663430b836d/rx,31.409399557488364,30.09498741130693,2023-06-18T13:42:31.000000Z
mqtt_consumer,95D650FEFF6E959E,grafana,8663430b836d,helium/8663430b836d/rx,31.99114976729992,30.06027313649196,2023-06-18T13:52:31.000000Z
mqtt_consumer,95D650FEFF6E959E,grafana,8663430b836d,helium/8663430b836d/rx,31.989242389562826,29.91607537956817,2023-06-18T14:02:31.000000Z
mqtt_consumer,95D650FEFF6E959E,grafana,8663430b836d,helium/8663430b836d/rx,31.317845426108185,29.766536964980546,2023-06-18T14:12:31.000000Z
mqtt_consumer,95D650FEFF6E959E,grafana,8663430b836d,helium/8663430b836d/rx,32.56527046616312,29.424734874494547,2023-06-18T14:22:31.000000Z
mqtt_consumer,95D650FEFF6E959E,grafana,8663430b836d,helium/8663430b836d/rx,32.83421072709239,29.339284351873047,2023-06-18T14:32:31.000000Z
mqtt_consumer,95D650FEFF6E959E,grafana,8663430b836d,helium/8663430b836d/rx,31.752727550164032,29.208438239108872,2023-06-18T14:42:31.000000Z
mqtt_consumer,95D650FEFF6E959E,grafana,8663430b836d,helium/8663430b836d/rx,33.557106889448384,28.823910887312124,2023-06-18T14:52:31.000000Z
mqtt_consumer,95D650FEFF6E959E,grafana,8663430b836d,helium/8663430b836d/rx,34.045395590142675,29.171053635461973,2023-06-18T15:02:31.000000Z
mqtt_consumer,95D650FEFF6E959E,grafana,8663430b836d,helium/8663430b836d/rx,35.11161974517434,29.13366903181506,2023-06-18T15:12:31.000000Z
mqtt_consumer,95D650FEFF6E959E,grafana,8663430b836d,helium/8663430b836d/rx,35.985198748760205,28.76516365300984,2023-06-18T15:22:31.000000Z
mqtt_consumer,95D650FEFF6E959E,grafana,8663430b836d,helium/8663430b836d/rx,36.6489662012665,28.538185702296488,2023-06-18T15:32:31.000000Z
mqtt_consumer,95D650FEFF6E959E,grafana,8663430b836d,helium/8663430b836d/rx,36.929350728618296,28.388647287708864,2023-06-18T15:42:31.000000Z
mqtt_consumer,95D650FEFF6E959E,grafana,8663430b836d,helium/8663430b836d/rx,36.67566948958572,28.372625314717325,2023-06-18T15:52:31.000000Z
mqtt_consumer,95D650FEFF6E959E,grafana,8663430b836d,helium/8663430b836d/rx,37.31464103150988,28.09491111619745,2023-06-18T16:02:31.000000Z
mqtt_consumer,95D650FEFF6E959E,grafana,8663430b836d,helium/8663430b836d/rx,37.28793774319066,28.319218738078888,2023-06-18T16:12:31.000000Z
mqtt_consumer,95D650FEFF6E959E,grafana,8663430b836d,helium/8663430b836d/rx,37.20592050049592,28.396658274204626,2023-06-18T16:22:31.000000Z
mqtt_consumer,95D650FEFF6E959E,grafana,8663430b836d,helium/8663430b836d/rx,37.62745098039216,28.39131761654077,2023-06-18T16:32:31.000000Z
mqtt_consumer,95D650FEFF6E959E,grafana,8663430b836d,helium/8663430b836d/rx,38.151979858091096,28.428702220187688,2023-06-18T16:42:31.000000Z
mqtt_consumer,95D650FEFF6E959E,grafana,8663430b836d,helium/8663430b836d/rx,38.68986037994964,28.04417486839094,2023-06-18T16:52:31.000000Z
mqtt_consumer,95D650FEFF6E959E,grafana,8663430b836d,helium/8663430b836d/rx,38.58495460440986,27.878614480811777,2023-06-18T17:02:31.000000Z
mqtt_consumer,95D650FEFF6E959E,grafana,8663430b836d,helium/8663430b836d/rx,38.6517128252079,27.737087052719914,2023-06-18T17:12:31.000000Z
mqtt_consumer,95D650FEFF6E959E,grafana,8663430b836d,helium/8663430b836d/rx,38.2111085679408,27.950713359273664,2023-06-18T17:22:31.000000Z
mqtt_consumer,95D650FEFF6E959E,grafana,8663430b836d,helium/8663430b836d/rx,38.65934233615625,27.699702449073012,2023-06-18T17:32:31.000000Z
mqtt_consumer,95D650FEFF6E959E,grafana,8663430b836d,helium/8663430b836d/rx,39.92202639810788,27.59288929579614,2023-06-18T17:42:31.000000Z
mqtt_consumer,95D650FEFF6E959E,grafana,8663430b836d,helium/8663430b836d/rx,40.05935759517815,27.710383764400703,2023-06-18T17:52:31.000000Z
mqtt_consumer,95D650FEFF6E959E,grafana,8663430b836d,helium/8663430b836d/rx,39.72365911345083,27.65430685893034,2023-06-18T18:02:31.000000Z
mqtt_consumer,95D650FEFF6E959E,grafana,8663430b836d,helium/8663430b836d/rx,39.65117875944152,27.50476844434272,2023-06-18T18:12:31.000000Z
mqtt_consumer,95D650FEFF6E959E,grafana,8663430b836d,helium/8663430b836d/rx,40.48279545281147,27.221713588159005,2023-06-18T18:22:31.000000Z
mqtt_consumer,95D650FEFF6E959E,grafana,8663430b836d,helium/8663430b836d/rx,42.22613870450904,27.056153200579843,2023-06-18T18:32:31.000000Z
mqtt_consumer,95D650FEFF6E959E,grafana,8663430b836d,helium/8663430b836d/rx,43.69481956206607,26.842526894026093,2023-06-18T18:42:31.000000Z
mqtt_consumer,95D650FEFF6E959E,grafana,8663430b836d,helium/8663430b836d/rx,44.64087891966125,26.42328526741436,2023-06-18T18:52:31.000000Z
mqtt_consumer,95D650FEFF6E959E,grafana,8663430b836d,helium/8663430b836d/rx,45.71854734111543,25.830472266727696,2023-06-18T19:02:31.000000Z
mqtt_consumer,95D650FEFF6E959E,grafana,8663430b836d,helium/8663430b836d/rx,46.592126344701306,25.6221866178378,2023-06-18T19:12:31.000000Z
mqtt_consumer,95D650FEFF6E959E,grafana,8663430b836d,helium/8663430b836d/rx,47.19104295414664,25.077439536125738,2023-06-18T19:22:31.000000Z
mqtt_consumer,95D650FEFF6E959E,grafana,8663430b836d,helium/8663430b836d/rx,47.96734569314107,24.997329671168075,2023-06-18T19:32:31.000000Z
mqtt_consumer,95D650FEFF6E959E,grafana,8663430b836d,helium/8663430b836d/rx,48.93247882810712,24.37514305333028,2023-06-18T19:42:31.000000Z
mqtt_consumer,95D650FEFF6E959E,grafana,8663430b836d,helium/8663430b836d/rx,50.02731364919509,23.798352025635158,2023-06-18T19:52:31.000000Z
mqtt_consumer,95D650FEFF6E959E,grafana,8663430b836d,helium/8663430b836d/rx,51.705806057831694,23.57404440375372,2023-06-18T20:02:31.000000Z
mqtt_consumer,95D650FEFF6E959E,grafana,8663430b836d,helium/8663430b836d/rx,52.57938506141756,23.23224231326772,2023-06-18T20:12:31.000000Z
mqtt_consumer,95D650FEFF6E959E,grafana,8663430b836d,helium/8663430b836d/rx,53.9298084992752,22.75692378118562,2023-06-18T20:22:31.000000Z
mqtt_consumer,95D650FEFF6E959E,grafana,8663430b836d,helium/8663430b836d/rx,53.64751659418632,22.684824902723733,2023-06-18T20:32:31.000000Z
mqtt_consumer,95D650FEFF6E959E,grafana,8663430b836d,helium/8663430b836d/rx,54.1796749828336,22.460517280842296,2023-06-18T20:42:31.000000Z
mqtt_consumer,95D650FEFF6E959E,grafana,8663430b836d,helium/8663430b836d/rx,54.97886625467307,22.19348439765011,2023-06-18T20:52:31.000000Z
mqtt_consumer,95D650FEFF6E959E,grafana,8663430b836d,helium/8663430b836d/rx,55.88487067978942,21.942473487449448,2023-06-18T21:02:31.000000Z
mqtt_consumer,95D650FEFF6E959E,grafana,8663430b836d,helium/8663430b836d/rx,57.44701304646373,21.3870450904097,2023-06-18T21:12:31.000000Z
mqtt_consumer,95D650FEFF6E959E,grafana,8663430b836d,helium/8663430b836d/rx,57.15709163042649,21.19211108567941,2023-06-18T21:22:31.000000Z
mqtt_consumer,95D650FEFF6E959E,grafana,8663430b836d,helium/8663430b836d/rx,57.40886549172198,21.010528725108728,2023-06-18T21:32:31.000000Z
mqtt_consumer,95D650FEFF6E959E,grafana,8663430b836d,helium/8663430b836d/rx,58.79934386205844,20.77553978789959,2023-06-18T21:42:31.000000Z
mqtt_consumer,95D650FEFF6E959E,grafana,8663430b836d,helium/8663430b836d/rx,59.80453192950331,20.36430914778363,2023-06-18T21:52:31.000000Z
mqtt_consumer,95D650FEFF6E959E,grafana,8663430b836d,helium/8663430b836d/rx,59.8674753948272,20.39635309376669,2023-06-18T22:02:31.000000Z
mqtt_consumer,95D650FEFF6E959E,grafana,8663430b836d,helium/8663430b836d/rx,59.42687113756008,20.47379262989243,2023-06-18T22:12:31.000000Z
mqtt_consumer,95D650FEFF6E959E,grafana,8663430b836d,helium/8663430b836d/rx,60.06584267948425,20.148012512397955,2023-06-18T22:22:31.000000Z
mqtt_consumer,95D650FEFF6E959E,grafana,8663430b836d,helium/8663430b836d/rx,59.8369573510338,20.270847638666368,2023-06-18T22:32:31.000000Z
mqtt_consumer,95D650FEFF6E959E,grafana,8663430b836d,helium/8663430b836d/rx,59.77592126344702,20.190737773708705,2023-06-18T22:42:31.000000Z
mqtt_consumer,95D650FEFF6E959E,grafana,8663430b836d,helium/8663430b836d/rx,59.287632562752734,20.228122377355614,2023-06-18T22:52:31.000000Z
mqtt_consumer,95D650FEFF6E959E,grafana,8663430b836d,helium/8663430b836d/rx,59.40970473792631,20.129320210574505,2023-06-18T23:02:31.000000Z
mqtt_consumer,95D650FEFF6E959E,grafana,8663430b836d,helium/8663430b836d/rx,59.247577630273895,20.134660868238345,2023-06-18T23:12:31.000000Z
mqtt_consumer,95D650FEFF6E959E,grafana,8663430b836d,helium/8663430b836d/rx,60.077286945906764,19.926375219348444,2023-06-18T23:22:31.000000Z
mqtt_consumer,95D650FEFF6E959E,grafana,8663430b836d,helium/8663430b836d/rx,60.445410849164574,19.787518120088507,2023-06-18T23:32:31.000000Z
mqtt_consumer,95D650FEFF6E959E,grafana,8663430b836d,helium/8663430b836d/rx,60.99092088197146,19.707408255130844,2023-06-18T23:42:31.000000Z
mqtt_consumer,95D650FEFF6E959E,grafana,8663430b836d,helium/8663430b836d/rx,61.3990997177081,19.48043030441748,2023-06-18T23:52:31.000000Z
mqtt_consumer,95D650FEFF6E959E,grafana,8663430b836d,helium/8663430b836d/rx,61.03860532539865,19.597924773022044,2023-06-19T00:02:31.000000Z
mqtt_consumer,95D650FEFF6E959E,grafana,8663430b836d,helium/8663430b836d/rx,60.395819028000304,19.73678187228198,2023-06-19T00:12:31.000000Z
mqtt_consumer,95D650FEFF6E959E,grafana,8663430b836d,helium/8663430b836d/rx,61.046234836347,19.688715953307398,2023-06-19T00:22:31.000000Z
mqtt_consumer,95D650FEFF6E959E,grafana,8663430b836d,helium/8663430b836d/rx,60.836423285267415,19.65667200732433,2023-06-19T00:32:31.000000Z
mqtt_consumer,95D650FEFF6E959E,grafana,8663430b836d,helium/8663430b836d/rx,60.55031662470435,19.670023651483945,2023-06-19T00:42:31.000000Z
mqtt_consumer,95D650FEFF6E959E,grafana,8663430b836d,helium/8663430b836d/rx,61.49446860456244,19.52048523689632,2023-06-19T00:52:31.000000Z
mqtt_consumer,95D650FEFF6E959E,grafana,8663430b836d,helium/8663430b836d/rx,60.67811093308919,19.74479285877776,2023-06-19T01:02:31.000000Z
mqtt_consumer,95D650FEFF6E959E,grafana,8663430b836d,helium/8663430b836d/rx,61.02525368123904,19.82490272373541,2023-06-19T01:12:31.000000Z
mqtt_consumer,95D650FEFF6E959E,grafana,8663430b836d,helium/8663430b836d/rx,61.23887998779279,19.792858777752343,2023-06-19T01:22:31.000000Z
mqtt_consumer,95D650FEFF6E959E,grafana,8663430b836d,helium/8663430b836d/rx,61.55168993667506,19.747463187609668,2023-06-19T01:32:31.000000Z
mqtt_consumer,95D650FEFF6E959E,grafana,8663430b836d,helium/8663430b836d/rx,62.34325169756619,19.63530937666896,2023-06-19T01:42:31.000000Z
mqtt_consumer,95D650FEFF6E959E,grafana,8663430b836d,helium/8663430b836d/rx,61.8835736629282,19.57656214236667,2023-06-19T01:52:31.000000Z
mqtt_consumer,95D650FEFF6E959E,grafana,8663430b836d,helium/8663430b836d/rx,62.16205081254292,19.63530937666896,2023-06-19T02:02:31.000000Z
mqtt_consumer,95D650FEFF6E959E,grafana,8663430b836d,helium/8663430b836d/rx,62.59693293659876,19.560540169375145,2023-06-19T02:12:31.000000Z
mqtt_consumer,95D650FEFF6E959E,grafana,8663430b836d,helium/8663430b836d/rx,62.68085755703059,19.579232471198598,2023-06-19T02:22:31.000000Z
mqtt_consumer,95D650FEFF6E959E,grafana,8663430b836d,helium/8663430b836d/rx,62.53971160448616,19.64332036316472,2023-06-19T02:32:31.000000Z
mqtt_consumer,95D650FEFF6E959E,grafana,8663430b836d,helium/8663430b836d/rx,62.7972075989929,19.63263904783703,2023-06-19T02:42:31.000000Z
mqtt_consumer,95D650FEFF6E959E,grafana,8663430b836d,helium/8663430b836d/rx,67.1727321278706,19.43503471427482,2023-06-19T02:52:31.000000Z
mqtt_consumer,95D650FEFF6E959E,grafana,8663430b836d,helium/8663430b836d/rx,69.34523537041275,19.18936446173801,2023-06-19T03:02:31.000000Z
mqtt_consumer,95D650FEFF6E959E,grafana,8663430b836d,helium/8663430b836d/rx,73.36598764019226,18.50308995193408,2023-06-19T03:12:31.000000Z
mqtt_consumer,95D650FEFF6E959E,grafana,8663430b836d,helium/8663430b836d/rx,75.58426794842451,18.182650492103456,2023-06-19T03:22:31.000000Z
mqtt_consumer,95D650FEFF6E959E,grafana,8663430b836d,helium/8663430b836d/rx,75.95429922941939,18.03311207751583,2023-06-19T03:32:31.000000Z
mqtt_consumer,95D650FEFF6E959E,grafana,8663430b836d,helium/8663430b836d/rx,75.54802777141985,18.038452735179675,2023-06-19T03:42:31.000000Z
mqtt_consumer,95D650FEFF6E959E,grafana,8663430b836d,helium/8663430b836d/rx,75.90280003051804,18.1025406271458,2023-06-19T03:52:31.000000Z
mqtt_consumer,95D650FEFF6E959E,grafana,8663430b836d,helium/8663430b836d/rx,76.56275272755016,18.051804379339288,2023-06-19T04:02:31.000000Z
mqtt_consumer,95D650FEFF6E959E,grafana,8663430b836d,helium/8663430b836d/rx,76.57801174944686,18.11589227130541,2023-06-19T04:12:31.000000Z
mqtt_consumer,95D650FEFF6E959E,grafana,8663430b836d,helium/8663430b836d/rx,76.93278400854506,18.217364766918443,2023-06-19T04:22:31.000000Z
mqtt_consumer,95D650FEFF6E959E,grafana,8663430b836d,helium/8663430b836d/rx,75.81124589913786,18.55916685740444,2023-06-19T04:32:31.000000Z
mqtt_consumer,95D650FEFF6E959E,grafana,8663430b836d,helium/8663430b836d/rx,74.84039063096056,18.965056839856565,2023-06-19T04:42:31.000000Z
mqtt_consumer,95D650FEFF6E959E,grafana,8663430b836d,helium/8663430b836d/rx,74.40169375143053,18.87693598840314,2023-06-19T04:52:31.000000Z
mqtt_consumer,95D650FEFF6E959E,grafana,8663430b836d,helium/8663430b836d/rx,73.96681162737468,19.101243610284584,2023-06-19T05:02:31.000000Z
mqtt_consumer,95D650FEFF6E959E,grafana,8663430b836d,helium/8663430b836d/rx,73.56244754711223,19.1760128175784,2023-06-19T05:12:31.000000Z
mqtt_consumer,95D650FEFF6E959E,grafana,8663430b836d,helium/8663430b836d/rx,72.61829556725414,19.501792935072856,2023-06-19T05:22:31.000000Z
mqtt_consumer,95D650FEFF6E959E,grafana,8663430b836d,helium/8663430b836d/rx,72.05752651255055,19.83825436789502,2023-06-19T05:32:31.000000Z
mqtt_consumer,95D650FEFF6E959E,grafana,8663430b836d,helium/8663430b836d/rx,72.03273060196841,19.84626535439078,2023-06-19T05:42:31.000000Z
mqtt_consumer,95D650FEFF6E959E,grafana,8663430b836d,helium/8663430b836d/rx,71.43572137026017,19.963759822995343,2023-06-19T05:52:31.000000Z
mqtt_consumer,95D650FEFF6E959E,grafana,8663430b836d,helium/8663430b836d/rx,69.986114290074,20.246814679179067,2023-06-19T06:02:31.000000Z
mqtt_consumer,95D650FEFF6E959E,grafana,8663430b836d,helium/8663430b836d/rx,69.6485084306096,20.556572823682004,2023-06-19T06:12:31.000000Z
mqtt_consumer,95D650FEFF6E959E,grafana,8663430b836d,helium/8663430b836d/rx,68.58419165331502,20.36430914778363,2023-06-19T06:22:31.000000Z
mqtt_consumer,95D650FEFF6E959E,grafana,8663430b836d,helium/8663430b836d/rx,67.77355611505303,20.60196841382468,2023-06-19T06:32:31.000000Z
mqtt_consumer,95D650FEFF6E959E,grafana,8663430b836d,helium/8663430b836d/rx,67.77355611505303,20.60196841382468,2023-06-19T06:33:53.000000Z
mqtt_consumer,95D650FEFF6E959E,grafana,8663430b836d,helium/8663430b836d/rx,67.3043411917296,20.815594720378428,2023-06-19T06:42:31.000000Z
mqtt_consumer,95D650FEFF6E959E,grafana,8663430b836d,helium/8663430b836d/rx,66.23430228122378,20.986495765621427,2023-06-19T06:52:31.000000Z
mqtt_consumer,95D650FEFF6E959E,grafana,8663430b836d,helium/8663430b836d/rx,64.1533531700618,21.68612191958495,2023-06-19T07:02:31.000000Z
mqtt_consumer,95D650FEFF6E959E,grafana,8663430b836d,helium/8663430b836d/rx,63.86533913176166,21.71282520790417,2023-06-19T07:12:31.000000Z
mqtt_consumer,95D650FEFF6E959E,grafana,8663430b836d,helium/8663430b836d/rx,64.92584115358206,21.74219882505531,2023-06-19T07:22:31.000000Z
mqtt_consumer,95D650FEFF6E959E,grafana,8663430b836d,helium/8663430b836d/rx,59.8808270389868,22.63408865491722,2023-06-19T07:32:31.000000Z
mqtt_consumer,95D650FEFF6E959E,grafana,8663430b836d,helium/8663430b836d/rx,59.72823682001983,23.19485770962082,2023-06-19T07:42:31.000000Z
mqtt_consumer,95D650FEFF6E959E,grafana,8663430b836d,helium/8663430b836d/rx,59.27046616311894,23.52597848477913,2023-06-19T07:52:31.000000Z
mqtt_consumer,95D650FEFF6E959E,grafana,8663430b836d,helium/8663430b836d/rx,58.625772487983525,23.499275196459905,2023-06-19T08:02:31.000000Z
mqtt_consumer,95D650FEFF6E959E,grafana,8663430b836d,helium/8663430b836d/rx,57.530937666895554,23.475242236972605,2023-06-19T08:12:31.000000Z
mqtt_consumer,95D650FEFF6E959E,grafana,8663430b836d,helium/8663430b836d/rx,55.86388952468147,24.228274967574578,2023-06-19T08:22:31.000000Z
mqtt_consumer,95D650FEFF6E959E,grafana,8663430b836d,helium/8663430b836d/rx,55.66933699549859,24.468604562447556,2023-06-19T08:32:31.000000Z
mqtt_consumer,95D650FEFF6E959E,grafana,8663430b836d,helium/8663430b836d/rx,52.146410315098805,25.173571374074925,2023-06-19T08:42:31.000000Z
mqtt_consumer,95D650FEFF6E959E,grafana,8663430b836d,helium/8663430b836d/rx,52.38864728770886,25.296406500343323,2023-06-19T08:52:31.000000Z
mqtt_consumer,95D650FEFF6E959E,grafana,8663430b836d,helium/8663430b836d/rx,49.55809872587167,25.737010757610435,2023-06-19T09:02:31.000000Z
mqtt_consumer,95D650FEFF6E959E,grafana,8663430b836d,helium/8663430b836d/rx,44.04768444342718,26.212329289692534,2023-06-19T09:12:31.000000Z
mqtt_consumer,95D650FEFF6E959E,grafana,8663430b836d,helium/8663430b836d/rx,45.96078431372549,26.543450064850845,2023-06-19T09:22:31.000000Z
mqtt_consumer,95D650FEFF6E959E,grafana,8663430b836d,helium/8663430b836d/rx,45.32372014953842,26.45265888456549,2023-06-19T09:32:31.000000Z
mqtt_consumer,95D650FEFF6E959E,grafana,8663430b836d,helium/8663430b836d/rx,46.32318608377203,26.100175478751808,2023-06-19T09:42:31.000000Z
mqtt_consumer,95D650FEFF6E959E,grafana,8663430b836d,helium/8663430b836d/rx,46.13817044327459,26.24704356450752,2023-06-19T09:52:31.000000Z
mqtt_consumer,95D650FEFF6E959E,grafana,8663430b836d,helium/8663430b836d/rx,45.3256275272755,27.02143892576485,2023-06-19T10:02:31.000000Z
mqtt_consumer,95D650FEFF6E959E,grafana,8663430b836d,helium/8663430b836d/rx,45.21881437399863,26.514076447699708,2023-06-19T10:12:31.000000Z
mqtt_consumer,95D650FEFF6E959E,grafana,8663430b836d,helium/8663430b836d/rx,45.70519569695583,27.010757610437167,2023-06-19T10:22:31.000000Z
mqtt_consumer,95D650FEFF6E959E,grafana,8663430b836d,helium/8663430b836d/rx,43.60517280842298,27.54482337682154,2023-06-19T10:32:31.000000Z
mqtt_consumer,95D650FEFF6E959E,grafana,8663430b836d,helium/8663430b836d/rx,42.47791256580453,27.34988937209125,2023-06-19T10:42:33.000000Z
mqtt_consumer,95D650FEFF6E959E,grafana,8663430b836d,helium/8663430b836d/rx,41.82558937972076,27.648966201266504,2023-06-19T10:52:31.000000Z
mqtt_consumer,95D650FEFF6E959E,grafana,8663430b836d,helium/8663430b836d/rx,43.1760128175784,27.718394750896465,2023-06-19T11:02:31.000000Z
mqtt_consumer,95D650FEFF6E959E,grafana,8663430b836d,helium/8663430b836d/rx,42.64576180666819,27.53147173266194,2023-06-19T11:12:31.000000Z
mqtt_consumer,95D650FEFF6E959E,grafana,8663430b836d,helium/8663430b836d/rx,44.34905012588693,27.296482795452818,2023-06-19T11:22:31.000000Z
mqtt_consumer,95D650FEFF6E959E,grafana,8663430b836d,helium/8663430b836d/rx,45.2817578393225,26.91462577248798,2023-06-19T11:32:31.000000Z
mqtt_consumer,95D650FEFF6E959E,grafana,8663430b836d,helium/8663430b836d/rx,47.10139620050355,26.279087510490584,2023-06-19T11:42:32.000000Z
mqtt_consumer,95D650FEFF6E959E,grafana,8663430b836d,helium/8663430b836d/rx,47.25398641947052,26.268406195162896,2023-06-19T11:52:31.000000Z
mqtt_consumer,95D650FEFF6E959E,grafana,8663430b836d,helium/8663430b836d/rx,46.40711070420386,26.21499961852446,2023-06-19T12:02:31.000000Z
mqtt_consumer,95D650FEFF6E959E,grafana,8663430b836d,helium/8663430b836d/rx,46.81910429541466,26.25772487983521,2023-06-19T12:12:31.000000Z
mqtt_consumer,95D650FEFF6E959E,grafana,8663430b836d,helium/8663430b836d/rx,46.59975585564965,26.60219729915312,2023-06-19T12:22:31.000000Z
mqtt_consumer,95D650FEFF6E959E,grafana,8663430b836d,helium/8663430b836d/rx,46.8877698939498,26.98138399328603,2023-06-19T12:32:31.000000Z
mqtt_consumer,95D650FEFF6E959E,grafana,8663430b836d,helium/8663430b836d/rx,46.72755016403448,26.56481269550622,2023-06-19T12:42:31.000000Z
mqtt_consumer,95D650FEFF6E959E,grafana,8663430b836d,helium/8663430b836d/rx,45.92454413672083,27.09353780422676,2023-06-19T12:52:31.000000Z
mqtt_consumer,95D650FEFF6E959E,grafana,8663430b836d,helium/8663430b836d/rx,44.44060425726711,27.95872434576944,2023-06-19T13:02:32.000000Z
mqtt_consumer,95D650FEFF6E959E,grafana,8663430b836d,helium/8663430b836d/rx,45.59266041046769,27.33119707026779,2023-06-19T13:12:31.000000Z
mqtt_consumer,95D650FEFF6E959E,grafana,8663430b836d,helium/8663430b836d/rx,43.76157778286412,27.827878233005265,2023-06-19T13:22:31.000000Z
mqtt_consumer,95D650FEFF6E959E,grafana,8663430b836d,helium/8663430b836d/rx,43.66430151827268,28.26581216144045,2023-06-19T13:32:31.000000Z
mqtt_consumer,95D650FEFF6E959E,grafana,8663430b836d,helium/8663430b836d/rx,42.92805371175707,28.92271305409324,2023-06-19T13:42:31.000000Z
mqtt_consumer,95D650FEFF6E959E,grafana,8663430b836d,helium/8663430b836d/rx,41.65201800564584,29.69710841535057,2023-06-19T13:52:31.000000Z
mqtt_consumer,95D650FEFF6E959E,grafana,8663430b836d,helium/8663430b836d/rx,41.64057373922331,29.534218356603347,2023-06-19T14:02:31.000000Z
mqtt_consumer,95D650FEFF6E959E,grafana,8663430b836d,helium/8663430b836d/rx,41.65583276112001,29.908064393072408,2023-06-19T14:12:31.000000Z
mqtt_consumer,95D650FEFF6E959E,grafana,8663430b836d,helium/8663430b836d/rx,41.53566796368353,29.39536125734341,2023-06-19T14:22:31.000000Z
mqtt_consumer,95D650FEFF6E959E,grafana,8663430b836d,helium/8663430b836d/rx,40.81658655680171,29.82261387045091,2023-06-19T14:32:31.000000Z
mqtt_consumer,95D650FEFF6E959E,grafana,8663430b836d,helium/8663430b836d/rx,40.43701838712138,29.79056992446785,2023-06-19T14:42:31.000000Z
mqtt_consumer,95D650FEFF6E959E,grafana,8663430b836d,helium/8663430b836d/rx,40.53047989623865,29.96414129854276,2023-06-19T14:52:31.000000Z
mqtt_consumer,95D650FEFF6E959E,grafana,8663430b836d,helium/8663430b836d/rx,39.654993514915695,29.78789959563592,2023-06-19T15:02:31.000000Z
mqtt_consumer,95D650FEFF6E959E,grafana,8663430b836d,helium/8663430b836d/rx,39.41275654230564,29.969481956206607,2023-06-19T15:12:31.000000Z
mqtt_consumer,95D650FEFF6E959E,grafana,8663430b836d,helium/8663430b836d/rx,39.63019760433356,30.16174563210498,2023-06-19T15:22:31.000000Z
mqtt_consumer,95D650FEFF6E959E,grafana,8663430b836d,helium/8663430b836d/rx,39.97352559700923,30.685130083161667,2023-06-19T15:32:31.000000Z
mqtt_consumer,95D650FEFF6E959E,grafana,8663430b836d,helium/8663430b836d/rx,39.376516365300986,30.55428397039749,2023-06-19T15:42:31.000000Z
